Sample ID,Maternal Line,Salinity ,Rhizobia (+/-),Germinated before planting,Germination Date,Date of planting,Soil Type,Soil autoclave,"Germinated 
after planting",N added,"Yellow leaves 
4/9/20","Yellow/dead leaves 
4/13/20","Yellow/dead leaves
4/16/20","Yellow/dead leaves
4/20/20","Yellow/dead leaves
4/22/20","Yellow leaves 
(didn't water)
5/4/20","Yellow leaves
5/6/20",Date,Category,"Total # of
leaves","Healthy leaves 
(# leaf - # leaf)",# weeds,"Small plants: 
notes","4th leaf:
state","4th leaf -
length (cm)","4th leaf:
# of leaflets","5th leaf:
state","5th leaf:
length (cm)","5th leaf:
# of leaflets","6th leaf:
state","6th leaf:
length (cm)","6th leaf:
# of leaflets","7th leaf:
state","7th leaf:
length (cm)","7th leaf:
# of leaflets","8th leaf:
state","8th leaf:
length (cm)","8th leaf:
# of leaflets","9th leaf:
state","9th leaf:
length (cm)","9th leaf:
# of leaflets",,,
1,A2,100,R,Y,2/10/20,2/8/20,potting soil,-,,5/8/20,,,,,,,1 yellow,5/29/20,small plant,6,5-6,0,,,,,,,,,,,,,,,,,,,,,,
2,A2,100,R,Y,2/10/20,2/8/20,potting soil,-,,5/8/20,,,,,,,,5/29/20,small plant,6,4-6,0,,,,,,,,,,,,,,,,,,,,,,
3,A2,0,R,Y,2/14/20,2/8/20,potting soil,-,,5/8/20,,,,,,,,5/29/20,thrown out,,,0,,,,,,,,,,,,,,,,,,,,,,
4,A2,0,R,Y,2/10/20,2/8/20,potting soil,-,,4/22/20,1/5,"1/6 yellow, 1/6 dead",2/6 dead,"1/6 yellow, 2/6 dead","1/6 yellow, 2/6 dead",,,5/29/20,big plant,9,7-9,0,,dead,na,na,dead,na,na,dead,na,na,"green, brown tip",3.5,30,green,6.6,31,,,,,,
5,A2,0,R,Y,2/14/20,2/8/20,potting soil,-,,4/22/20,,,,2/6 yellow,"2/6 yellow, 1/6 dead",,,5/29/20,big plant,8,6-8,0,,dead,na,na,yellow,6.1,17,yellow,6,25,yellow-green,5.7,29,,,,,,,,,
6,A2,100,-,Y,2/10/20,2/8/20,potting soil,-,,4/22/20,,1/5 yellow,1/5 yellow,1/5 dead,"1/5 yellow, 1/5 dead",,,5/29/20,small plant,6,5-6,0,,,,,,,,,,,,,,,,,,,,,,
7,A2,100,R,Y,2/10/20,2/8/20,plover,-,,5/8/20,,2/3 yellow,,,,,,5/29/20,small plant,4,3-4,0,,,,,,,,,,,,,,,,,,,,,,
8,A2,100,R,Y,2/14/20,2/8/20,plover,-,,5/8/20,1/3,2/3 yellow,,,,,,5/29/20,small plant,4,1-4,0,,,,,,,,,,,,,,,,,,,,,,
9,A2,0,R,N,did not germinate,2/8/20,plover,-,,5/8/20,,1/3 yellow,,,,,,5/29/20,thrown out,,,0,,,,,,,,,,,,,,,,,,,,,,
10,A2,0,R,Y,2/10/20,2/8/20,plover,-,,5/8/20,,,,,,,,5/29/20,thrown out,,,1,,,,,,,,,,,,,,,,,,,,,,
11,A2,100,-,Y,2/10/20,2/8/20,plover,-,,4/22/20,,1/5 yellow,1/5 yellow,1/6 yellow,"1/6 yellow, 1/6 dead",,,5/29/20,big plant,7,3-7,0,,green,5.7,9,green,4.3,17,green,3.2,27,,,,,,,,,,,,
12,A2,100,-,Y,2/12/20,2/8/20,plover,-,,5/8/20,1/3,1/3 yellow,1/3 yellow,,,,,5/29/20,small plant,6,5-6,0,1 yellow leaf,,,,,,,,,,,,,,,,,,,,,
13,A2,100,R,Y,2/14/20,2/8/20,iris,-,,4/22/20,1/5,"1/5 yellow, 1/5 dead","1/5 yellow, 1/5 dead",2/6 dead,2/6 dead,,,5/29/20,small plant,6,3-6,0,,,,,,,,,,,,,,,,,,,,,,
14,A2,100,R,Y,2/10/20,2/8/20,iris,-,,4/22/20,,,1/5 yellow,1/5 yellow,"1/6 yellow, 1/6 dead",,,5/29/20,big plant,7,4-7,0,,"green, wilting",6.5,13,green,6.6,21,green,5.4,25,,,,,,,,,,,,
15,A2,0,R,N,did not germinate,2/8/20,iris,-,,5/8/20,,,,,,,,5/29/20,thrown out,,,0,,,,,,,,,,,,,,,,,,,,,,
16,A2,0,R,Y,2/10/20,2/8/20,iris,-,,5/8/20,,,,,,,,5/29/20,thrown out,,,1,,,,,,,,,,,,,,,,,,,,,,
17,A2,100,-,Y,2/10/20,2/8/20,iris,-,,4/22/20,,1/5 yellow,1/5 dead,1/5 dead,"1/6 yellow, 1/6 dead",,,5/29/20,big plant,8,6-8,0,,dead,na,na,dead,na,na,green,6.8,23,green,5.8,25,,,,,,,,,
18,A2,100,-,N,did not germinate,2/8/20,iris,-,,5/8/20,,,,,,,,5/29/20,thrown out,,,1,,,,,,,,,,,,,,,,,,,,,,
19,A2,100,-,Y,2/10/20,2/8/20,EEM,-,,4/22/20,1/4,"2/6 yellow, 1/6 dead","1/6 yellow, 2/6 dead","1/6 yellow, 1/6 dead",3/6 dead,,,5/29/20,big plant,8,5-8,1,,dead,na,na,yellow-green,7.1,24,yellow-green,6.7,31,green,7,31,,,,,,,,,
20,A2,100,-,Y,2/10/20,2/8/20,EEM,-,,4/22/20,1/4,"1/5 yellow, 1/5 dead",2/5 dead,2/6 dead,"1/6 yellow, 2/6 dead",,,5/29/20,big plant,8,6-8,0,,dead,na,na,dead,na,na,"green, brown tip",7.1,26,green,5.9,30,,,,,,,,,
21,A2,1,R,Y,2/14/20,2/8/20,potting soil,-,,5/8/20,,,,,,,,5/29/20,small plant,5,1-5,0,,,,,,,,,,,,,,,,,,,,,,
22,A2,1,R,Y,2/10/20,2/8/20,potting soil,-,,4/22/20,1/4,1/6 dead,"1/6 yellow, 1/6 dead","1/6 yellow, 1/6 dead",2/6 dead,,,5/29/20,big plant,8,4-8,0,,yellow-green,6.6,15,green,5.4,19,green,5.5,25,green,5.4,29,,,,,,,,,
23,A2,1,R,N,did not germinate,2/8/20,potting soil,-,Yes,5/8/20,,,,,,,,5/29/20,small plant,5,1-5,0,,,,,,,,,,,,,,,,,,,,,,
24,B,100,R,Y,2/10/20,2/8/20,potting soil,-,,4/22/20,,1/5 yellow,"1/5 yellow, 1/5 dead",2/5 dead,"1/5 yellow, 2/5 dead",,,5/29/20,big plant,8,6-8,0,,dead,na,na,dead,na,na,green,6.5,25,green,6,31,,,,,,,,,
25,A3,1,R,Y,2/10/20,2/8/20,potting soil,-,,4/22/20,1/5,1/5 dead,1/5 dead,1/5 dead,"1/6 yellow, 1/6 dead",,,5/29/20,big plant,8,6-8,0,,dead,na,na,dead,na,na,green,5.1,25,green,6.1,28,,,,,,,,,
26,B,1,R,Y,2/12/20,2/8/20,potting soil,-,,4/22/20,1/5,2/6 dead,2/6 dead,2/6 dead,"1/7 yellow, 2/7 dead",,,5/29/20,big plant,8,7-8,0,,dead,na,na,dead,na,na,dead,na,na,"green, brown tip",4.3,23,,,,,,,,,
27,A2,1,R,Y,2/10/20,2/8/20,plover,-,,5/8/20,,,,,,,,5/29/20,small plant,6,4-6,0,plant is gray,,,,,,,,,,,,,,,,,,,,,
28,A2,1,R,N,did not germinate,2/8/20,plover,-,,5/8/20,,,,,,,,5/29/20,thrown out,,,0,,,,,,,,,,,,,,,,,,,,,,
29,A3,1,R,Y,2/12/20,2/8/20,plover,-,,5/8/20,,,,,,,,5/29/20,big plant,7,4-7,0,,"green, curled",5.1,9,"green, curled",4.8,14,green,6.2,17,,,,,,,,,,,,
30,B,1,R,N,did not germinate,2/8/20,plover,-,,5/8/20,,,,,,,,5/29/20,thrown out,,,0,,,,,,,,,,,,,,,,,,,,,,
31,A3,100,R,N,did not germinate,2/8/20,plover,-,,5/8/20,,,,,,,,5/29/20,thrown out,,,0,,,,,,,,,,,,,,,,,,,,,,
32,A2,1,-,Y,2/10/20,2/8/20,plover,-,,4/22/20,,,,"2/9 yellow, 1/9 dead","2/9 yellow, 1/9 dead",,,5/29/20,2 plants,"(1) 6
(2) 6","(1) 4-6
(2) 5-6",0,,,,,,,,,,,,,,,,,,,,,,
33,A2,1,R,Y,2/12/20,2/8/20,iris,-,,4/22/20,,1/5 yellow,"1/5 yellow, 1/5 dead",2/6 dead,2/6 dead,,,5/29/20,big plant,7,4-7,0,,yellow-green,6.7,16,green,6.3,19,green,5.2,25,,,,,,,,,,,,
34,A2,1,R,Y,2/10/20,2/8/20,iris,-,,5/8/20,,,,,,,,5/29/20,big plant,8,6-8,1,,dead,na,na,dead,na,na,green,5.6,22,green,4.2,27,,,,,,,,,
35,B,1,R,Y,2/14/20,2/8/20,iris,-,,5/8/20,,1/5 yellow,"1/5 yellow, 1/5 dead",2/4 dead,,,,5/29/20,small plant,5,4-5,1,,,,,,,,,,,,,,,,,,,,,,
36,A3,1,R,Y,2/10/20,2/8/20,iris,-,,4/22/20,,,,"1/5 yellow, 1/5 dead","1/6 yellow, 1/6 dead",,,5/29/20,small plant,6,5-6,1,,,,,,,,,,,,,,,,,,,,,,
37,A3,100,R,Y,2/10/20,2/8/20,iris,-,,4/22/20,,1/6 yellow,1/6 yellow,"1/6 yellow, 1/6 dead","1/6 yellow, 1/6 dead",,,5/29/20,big plant,8,5-8,0,,dead,na,na,green,6.7,15,green,6.8,23,green,5.2,27,,,,,,,,,
38,A2,1,-,Y,2/12/20,2/8/20,iris,-,,5/8/20,,,,,,,,5/29/20,big plant,7,5-7,0,,dead,na,na,green,6.7,21,green,6,27,,,,,,,,,,,,
39,A2,0,R,Y,2/10/20,2/8/20,EEM,-,,5/8/20,1/4,2/6 dying,2/6 dead,"1/5 yellow, 1/5 dead",,,,5/29/20,big plant,9,8-9,0,,dead,na,na,dead,na,na,dead,na,na,dead,na,na,"gray-green, wilting",4.5,28,,,,,,
40,A2,0,R,N,did not germinate,2/8/20,EEM,-,,5/8/20,,,,,,,,5/29/20,thrown out,,,0,,,,,,,,,,,,,,,,,,,,,,
41,B,10,-,Y,2/10/20,2/8/20,potting soil,-,,4/22/20,,1/5 yellow,"1/5 yellow, 1/5 dead","1/6 yellow, 2/6 dead","1/6 yellow, 2/6 dead",1 yellow,1 yellow,5/29/20,big plant,7,6-7,0,,dead,na,na,dead,na,na,green,5.7,27,,,,,,,,,,,,
42,A2,50,-,Y,2/12/20,2/8/20,potting soil,-,,4/22/20,,"1/6 yellow, 1/6 dead","1/6 yellow, 1/6 dead",2/6 dead,2/6 dead,1 yellow,1 yellow,5/29/20,big plant,9,7-9,0,,dead,na,na,dead,na,na,dead,na,na,"green, wilting",5.4,30,green,4.8,29,,,,,,
43,B,50,R,Y,2/10/20,2/8/20,potting soil,-,,4/22/20,,2/5 yellow,2/5 yellow,2/5 yellow,2/6 yellow,1 yellow,1 yellow,5/29/20,big plant,7,6-7,0,,dead,na,na,dead,na,na,green,6.9,22,,,,,,,,,,,,
44,B,0,-,Y,2/12/20,2/8/20,potting soil,-,,4/22/20,,,,,2/6 yellow,,,5/29/20,big plant,7,5-7,0,,dead,na,na,green,6.8,25,green,6.5,28,,,,,,,,,,,,
45,A3,50,R,Y,2/10/20,2/8/20,potting soil,-,,4/22/20,,"1/6 yellow, 1/6 dead",2/6 dead,2/5 dead,2/7 dead,,,5/29/20,big plant,9,7-9,0,,dead,na,na,dead,na,na,dead,na,na,green,5.9,30,green,6,32,,,,,,
46,A2,50,R,Y,2/10/20,2/8/20,potting soil,-,,4/22/20,,,,1/6 yellow,"1/6 yellow, 1/6 dead",,,5/29/20,big plant,8,6-8,0,,dead,na,na,dead,na,na,"green, wilting",5.4,26,green,5.4,31,,,,,,,,,
47,B,10,-,Y,2/10/20,2/8/20,plover,-,,,,,,,,,,5/29/20,small plant,6,1-6,0,,,,,,,,,,,,,,,,,,,,,,
48,A2,50,-,Y,2/14/20,2/8/20,plover,-,,4/22/20,1/3,,1/3 yellow,1/3 yellow,1/3 yellow,,,5/29/20,small plant,3,1-3,0,,,,,,,,,,,,,,,,,,,,,,
49,B,50,R,Y,2/12/20,2/8/20,plover,-,,5/8/20,1/3,,1/3 yellow,1/3 yellow,,,,5/29/20,small plant,6,1-6,0,,,,,,,,,,,,,,,,,,,,,,
50,B,0,-,N,did not germinate,2/8/20,plover,-,,5/8/20,1/4,,,,,,,5/29/20,thrown out,,,0,,,,,,,,,,,,,,,,,,,,,,
51,A3,5,R,Y,2/10/20,2/8/20,plover,-,,4/22/20,,,,1/5 yellow,1/5 yellow,,,5/29/20,big plant,7,5-7,0,,dead,na,na,yellow-green,5.1,17,green,4.3,21,,,,,,,,,,,,
52,A2,50,R,Y,2/12/20,2/8/20,plover,-,,4/22/20,,,2/6 yellow,"1/6 yellow, 1/6 dead","1/6 yellow, 1/6 dead",,,5/29/20,big plant,8,6-8,0,,dead,na,na,dead,na,na,green,6,22,green,5,29,,,,,,,,,
53,B,10,-,Y,2/14/20,2/8/20,iris,-,,4/22/20,,2/5 yellow,2/5 dead,2/6 dead,2/6 dead,,,5/29/20,big plant,8,6-8,0,,dead,na,na,dead,na,na,gray-green,6.1,25,green,4.1,30,,,,,,,,,
54,A2,50,-,Y,2/10/20,2/8/20,iris,-,,4/22/20,,,"1/5 yellow, 1/5 dead",2/6 yellow,2/6 dead,,,5/29/20,big plant,7,5-7,1,,dead,na,na,green,5.2,24,green,5.6,26,,,,,,,,,,,,
55,B,50,R,N,did not germinate,2/8/20,iris,-,,5/8/20,,,,,,,,,,,,0,,,,,,,,,,,,,,,,,,,,,,
56,B,0,-,Y,2/10/20,2/8/20,iris,-,,5/8/20,,2/5 dead,2/5 dead,2/6 dead,,,,5/29/20,big plant,8,7-8,0,,dead,na,na,dead,na,na,dead,na,na,green,5.2,31,,,,,,,,,
57,A3,50,R,N,did not germinate,2/8/20,iris,-,,5/8/20,,,,,,,,5/29/20,thrown out,,,1,,,,,,,,,,,,,,,,,,,,,,
58,A2,50,R,Y,2/12/20,2/8/20,iris,-,,5/8/20,,,,,,,,5/29/20,small plant,5,3-5,1,,,,,,,,,,,,,,,,,,,,,,
59,A2,100,-,Y,2/10/20,2/8/20,EEM,-,,4/22/20,,,"2/10 yellow, 4/10 dead","2/11 yellow, 4/11 dead","1/11 yellow, 5/11 dead",,,5/29/20,2 plants,"(1) 8
(2) 7","(1) 6-8
(2) 5-7",0,,"(1) dead
(2) dead","(1) na
(2) na","(1) na
(2) na","(1) dead
(2) yellow-green","(1) na
(2) 4.8","(1) na
(2) 19","(1) green
(2) green","(1) 5.9
(2) 4.1","(1) 21
(2) 21",(1) green,(1) 5.8,(1) 27,,,,,,,,,
60,A2,100,-,Y,2/14/20,2/8/20,EEM,-,,5/8/20,,,,,,,,5/29/20,small plant,4,1-4,0,,,,,,,,,,,,,,,,,,,,,,
61,B,100,-,Y,2/10/20,2/8/20,potting soil,-,,4/22/20,,,2/6 yellow,"1/6 yellow, 2/6 dead","1/7 yellow, 2/7 dead",,,5/29/20,big plant,9,7-9,0,,dead,na,na,yellow,5.9,18,yellow,6.2,23,green,6.3,27,green 6,6,29,,,,,,
62,A2,100,R,N,did not germinate,2/8/20,potting soil,-,,5/8/20,,,,,,,,5/29/20,thrown out,,,0,,,,,,,,,,,,,,,,,,,,,,
63,B,0,R,Y,2/10/20,2/8/20,potting soil,-,,4/22/20,,,"1/6 yellow, 1/6 dead",2/6 dead,2/7 dead,,,5/29/20,big plant,7,5-7,0,,dead,na,na,green,5.3,23,green,5.4,27,,,,,,,,,,,,
64,B,1,-,Y,2/14/20,2/8/20,potting soil,-,,4/22/20,,,2/5 yellow,"1/6 yellow, 1/6 dead",2/6 dead,1 yellow,,5/29/20,big plant,8,6-8,0,,dead,na,na,dead,na,na,green,5.5,24,green,5.8,29,,,,,,,,,
65,B,50,-,Y,2/10/20,2/8/20,potting soil,-,,4/22/20,,2/6 dead,2/6 dead,2/6 dead,"1/7 yellow, 2/7 dead",,,5/29/20,big plant,9,7-9,0,,dead,na,na,dead,na,na,dead,na,na,green,6.4,33,green,6.3,31,,,,,,
66,A2,0,-,Y,2/10/20,2/8/20,potting soil,-,,4/22/20,,2/5 dead,2/5 dead,"1/5 yellow, 2/5 dead","1/5 yellow, 2/5 dead",,,5/29/20,big plant,8,5-8,0,,dead,na,na,yellow-green,7.4,19,green,7.8,27,green,6.7,31,,,,,,,,,
67,B,100,-,Y,2/14/20,2/8/20,plover,-,,5/8/20,,,,,,,,5/29/20,big plant,8,6-8,0,,dead,na,na,dead,na,na,yellow,6.9,21,green,5.2,25,,,,,,,,,
68,A2,100,R,N,did not germinate,2/8/20,plover,-,,5/8/20,,,,,,,,5/29/20,thrown out,,,0,,,,,,,,,,,,,,,,,,,,,,
69,B,0,R,Y,2/10/20,2/8/20,plover,-,,4/22/20,1/3,2/3 yellow,2/3 yellow,1/3 yellow,1/3 yellow,1 yellow,1 yellow,5/29/20,small plant,4,1-4,0,,,,,,,,,,,,,,,,,,,,,,
70,B,1,-,Y,2/10/20,2/8/20,plover,-,,4/22/20,1/3,1/3 yellow,1/3 yellow,1/3 yellow,1/3 yellow,1 yellow,1 yellow,5/29/20,small plant,4,1-4,0,1 yellow leaf,,,,,,,,,,,,,,,,,,,,,
71,B,50,-,N,did not germinate,2/8/20,plover,-,,5/8/20,,,,,,,,5/29/20,thrown out,,,0,,,,,,,,,,,,,,,,,,,,,,
72,A2,0,-,Y,2/12/20,2/8/20,plover,-,,4/22/20,2/9,2/9 yellow,,"3/9 yellow, 1/9 dead","2/9 yellow, 2/9 dead",,,5/29/20,2 plants,"(1) 7
(2) 5","(1) 4-7
(2) 3-5",0,,,,,,,,,,,,,,,,,,,,,,
73,A2,100,R,Y,2/10/20,2/8/20,iris,-,,4/22/20,1/3,1/5 yellow,2/5 yellow,"1/6 yellow, 1/6 dead","1/6 yellow, 1/6 dead",1 yellow,1 yellow,5/29/20,big plant,8,5-8,0,,dead,na,na,yellow,6.9,17,green,6.2,23,green,5.6,28,,,,,,,,,
74,A2,100,R,Y,2/10/20,2/8/20,iris,-,,4/22/20,,,,,"1/6 yellow, 2/6 dead",,,5/29/20,big plant,8,5-8,0,,dead,na,na,yellow-green,7,15,green,7.5,21,green,6.4,25,,,,,,,,,
75,B,1,-,Y,2/10/20,2/8/20,iris,-,,4/22/20,,,"1/6 yellow, 1/6 dead","1/6 yellow, 2/6 dead","1/6 yellow, 2/6 dead",,,5/29/20,big plant,8,7-8,0,,dead,na,na,dead,na,na,dead,na,na,green,6.3,32,,,,,,,,,
76,B,1,-,Y,2/14/20,2/8/20,iris,-,,4/22/20,2/5,"1/5 yellow, 1/5 dead",2/5 dead,2/6 dead,"1/6 yellow, 2/6 dead",,,5/29/20,big plant,8,6-8,0,,dead,na,na,dead,na,na,green,6.9,25,green,5.5,29,,,,,,,,,
77,B,50,-,Y,2/10/20,2/8/20,iris,-,,5/8/20,,,,,,,,5/29/20,small plant,6,4-6,0,,,,,,,,,,,,,,,,,,,,,,
78,A2,0,-,Y,2/10/20,2/8/20,iris,-,,4/22/20,,,,1/5 dead,"1/6 yellow, 1/6 dead",1 yellow,1 yellow,5/29/20,big plant,7,4-7,0,,green,7.4,15,green,6.9,19,green,5.6,27,,,,,,,,,,,,
79,A2,1,R,Y,2/12/20,2/8/20,EEM,-,,4/22/20,1/3,2/6 dead,"1/6 yellow, 3/6 dead",,3/7 dead,,,5/29/20,big plant,8,6-8,0,,dead,na,na,dead,na,na,yellow-green,5.2,29,green,4.2,30,,,,,,,,,
80,A2,1,R,Y,2/12/20,2/8/20,EEM,-,,4/22/20,1/5,2/6 dead,"1/6 yellow, 2/6 dead",3/6 dead,"1/7 yellow, 3/7 dead",,,5/29/20,big plant,9,7-9,0,,dead,na,na,dead,na,na,dead,na,na,green,7.6,26,green,6.5,29,,,,,,
81,B,0,-,Y,2/22/20,2/19/20,potting soil,-,,5/8/20,,,,,,,,5/29/20,small plant,5,1-5,0,,,,,,,,,,,,,,,,,,,,,,
82,A3,0,R,Y,2/23/20,2/19/20,potting soil,-,,5/8/20,,,,,,,,5/29/20,small plant,6,6,0,,,,,,,,,,,,,,,,,,,,,,
83,B,50,R,N,did not germinate,2/19/20,potting soil,-,Yes,5/8/20,,,,,,,,5/29/20,small plant,4,1-4,0,,,,,,,,,,,,,,,,,,,,,,
84,B,50,-,Y,2/22/20,2/19/20,potting soil,-,,5/8/20,,,,,,,,,,,,0,,,,,,,,,,,,,,,,,,,,,,
85,A3,50,-,Y,2/10/20,2/8/20,potting soil,-,,4/22/20,,,,,1/5 yellow,,,5/29/20,big plant,7,6-7,0,,dead,na,na,dead,na,na,green,6.4,29,,,,,,,,,,,,
86,A3,0,-,Y,2/10/20,2/8/20,potting soil,-,,4/22/20,1/6,1/6 dead,"1/6 yellow, 1/6 dead","1/7 yellow, 1/7 dead",2/7 dead,,,5/29/20,big plant,9,7-9,0,,dead,na,na,dead,na,na,dead,na,na,green,6.1,30,green,6.1,31,,,,,,
87,B,0,-,Y,2/23/20,2/19/20,plover,-,,5/8/20,,1/3 yellow,,,,,,5/29/20,small plant,5,3-5,0,,,,,,,,,,,,,,,,,,,,,,
88,A3,0,R,Y,2/22/20,2/19/20,plover,-,,5/8/20,,,,,,,,5/29/20,small plant,2,1-2,0,,,,,,,,,,,,,,,,,,,,,,
89,B,50,R,Y,2/22/20,2/19/20,plover,-,,5/8/20,,,,,,,,5/29/20,small plant,2,1-2,0,,,,,,,,,,,,,,,,,,,,,,
90,B,50,-,Y,2/25/20,2/19/20,plover,-,,4/22/20,,2/3 yellow,2/3 yellow,1/2 yellow,1/3 yellow,,,5/29/20,small plant,3,1-3,0,1 yellow leaf,,,,,,,,,,,,,,,,,,,,,
91,A3,0,-,Y,2/12/20,2/8/20,plover,-,,5/8/20,,,2/6 yellow,,,,,5/29/20,big plant,7,4-7,0,,"gray-green, curled",5,13,"gray-green, curled",3.5,17,gray-green,4,23,gray-green,,,,,,,,,,,
92,B,10,R,Y,2/10/20,2/8/20,plover,-,,4/22/20,2/3,1/3 yellow,1/3 yellow,1/3 yellow,1/3 yellow,,,5/29/20,small plant,5,1-5,0,,,,,,,,,,,,,,,,,,,,,,
93,A2,50,R,Y,2/25/20,2/19/20,iris,-,,5/8/20,,,,,,,,5/29/20,small plant,3,1-3,0,,,,,,,,,,,,,,,,,,,,,,
94,B,0,-,Y,2/22/20,2/19/20,iris,-,,5/8/20,,,,,,1 yellow,,5/29/20,big plant,7,4-7,0,,"green, wilting",7.3,13,"green, brown tip",7.9,19,green,6.4,26,,,,,,,,,,,,
95,A3,0,R,Y,2/23/20,2/19/20,iris,-,,5/8/20,,,,,,,,5/29/20,big plant,7,4-7,1,,green,6.5,14,green,6.4,17,green,5.9,23,,,,,,,,,,,,
96,B,50,R,Y,2/22/20,2/19/20,iris,-,,5/8/20,,,,,,,,5/29/20,thrown out,,,1,,,,,,,,,,,,,,,,,,,,,,
97,B,50,R,Y,2/10/20,2/8/20,iris,-,,5/8/20,,,,,,,,5/29/20,thrown out,,,0,,,,,,,,,,,,,,,,,,,,,,
98,B,10,R,Y,2/12/20,2/8/20,iris,-,,5/8/20,,,,,,,,5/29/20,small plant,6,4-6,0,,,,,,,,,,,,,,,,,,,,,,
99,A3,1,R,N,did not germinate,2/8/20,EEM,-,,5/8/20,,,,,,,,5/29/20,thrown out,,,0,,,,,,,,,,,,,,,,,,,,,,
100,B,1,R,Y,2/10/20,2/8/20,EEM,-,,5/8/20,,,,,,,,5/29/20,big plant,9,5-9,0,,dead,na,na,"yellow-green, brown tip",7,19,yellow-green,7.9,23,green,6.3,28,green,6.7,30,,,,,,
101,A3,50,R,Y,2/22/20,2/19/20,potting soil,-,,5/8/20,,,,,,,,5/29/20,small plant,6,5-6,0,,,,,,,,,,,,,,,,,,,,,,
102,B,0,R,N,did not germinate,2/19/20,potting soil,-,,5/8/20,,,,,,,,5/29/20,thrown out,,,0,,,,,,,,,,,,,,,,,,,,,,
103,B,0,R,N,did not germinate,2/19/20,potting soil,-,,5/8/20,,,,,,,,5/29/20,thrown out,,,0,,,,,,,,,,,,,,,,,,,,,,
104,B,1,R,Y,2/23/20,2/19/20,potting soil,-,,5/8/20,,,,,,,,5/29/20,big plant,7,5-7,0,,dead,na,na,yellow-green,7.8,17,green,7.1,21,,,,,,,,,,,,
105,A3,10,-,Y,2/25/20,2/19/20,potting soil,-,,5/8/20,,,1/5 yellow,1/5 dead,,,,5/29/20,big plant,7,6-7,0,,dead,na,na,dead,na,na,"green, wilting",6.3,26,,,,,,,,,,,,
106,A3,50,R,N,did not germinate,2/19/20,plover,-,,5/8/20,,,,,,,,5/29/20,thrown out,,,0,,,,,,,,,,,,,,,,,,,,,,
107,B,1,R,Y,2/22/20,2/19/20,plover,-,,5/8/20,,,,,,,,5/29/20,small plant,6,4-6,0,,,,,,,,,,,,,,,,,,,,,,
108,A2,50,-,N,did not germinate,2/19/20,plover,-,,5/8/20,,,,,,,,5/29/20,thrown out,,,0,,,,,,,,,,,,,,,,,,,,,,
109,B,1,R,N,did not germinate,2/19/20,plover,-,,,,,,,,,,5/29/20,thrown out,,,0,,,,,,,,,,,,,,,,,,,,,,
110,A3,10,-,Y,2/23/20,2/19/20,plover,-,,5/8/20,,,,,,,,5/29/20,thrown out,,,1,,,,,,,,,,,,,,,,,,,,,,
111,A3,50,R,Y,2/22/20,2/19/20,iris,-,,5/8/20,,,,,,,1 yellow,5/29/20,big plant,8,5-8,0,,dead,na,na,"green, wilting",7.7,11,"green, wilting",7.2,15,green,6.1,19,,,,,,,,,
112,A2,50,-,N,did not germinate,2/19/20,iris,-,,5/8/20,,,,,,,,5/29/20,thrown out,,,0,,,,,,,,,,,,,,,,,,,,,,
113,B,0,R,Y,2/22/20,2/19/20,iris,-,,5/8/20,,,,,,,,5/29/20,small plant,4,1-4,0,,,,,,,,,,,,,,,,,,,,,,
114,B,1,R,N,did not germinate,2/19/20,iris,-,Check photo,5/8/20,,,,,,,,5/29/20,small plant,,,,Check photo,,,,,,,,,,,,,,,,,,,,,
115,A3,10,-,N,did not germinate,2/19/20,iris,-,,5/8/20,,,,,,,,5/29/20,thrown out,,,0,,,,,,,,,,,,,,,,,,,,,,
116,B,10,-,Y,2/12/20,2/8/20,EEM,-,,added 5/8/20,2/5,2/6 dead,2/6 dead,"1/6 yellow, 1/6 dead",,,,5/29/20,big plant,8,7-8,0,,dead,na,na,dead,na,na,dead,na,na,green,4.5,31,,,,,,,,,
117,A2,1,-,Y,2/10/20,2/8/20,EEM,-,,5/8/20,2/5,2/6 yellow,2/6 dead,2/6 dead,,,,5/29/20,big plant,8,5-8,0,,dead,na,na,yellow-green,9.5,18,yellow-green,9.2,24,green,7.7,31,,,,,,,,,
118,B,10,R,Y,2/22/20,2/19/20,potting soil,-,,4/22/20,,3/6 yellow,2/6 yellow,"2/6 yellow, 1/6 dead","1/6 yellow, 1/6 dead",,,5/29/20,big plant,8,7-8,0,,dead,na,na,dead,na,na,dead,na,na,green,5.7,28,,,,,,,,,
119,B,1,-,Y,2/22/20,2/19/20,potting soil,-,,4/22/20,1/5,1/5 dead,"1/5 yellow, 1/5 dead",2/6 dead,2/6 dead,1 yellow,,5/29/20,big plant,8,6-8,0,,dead,na,na,dead,na,na,gray-green,6,27,green,5.6,31,,,,,,,,,
120,A3,50,-,Y,2/23/20,2/19/20,potting soil,-,,4/22/20,,1/5 yellow,1/5 yellow,"1/5 yellow, 1/5 dead","1/5 yellow, 1/5 dead",1 yellow,,5/29/20,small plant,6,5-6,0,,,,,,,,,,,,,,,,,,,,,,
121,B,10,-,N,did not germinate,2/19/20,potting soil,-,,4/22/20,,,,,1/6 yellow,,,5/29/20,thrown out,,,0,,,,,,,,,,,,,,,,,,,,,,
122,A3,100,-,N,did not germinate,2/19/20,potting soil,-,,5/8/20,,,,,,,,5/29/20,thrown out,,,0,,,,,,,,,,,,,,,,,,,,,,
123,A2,1,-,N,did not germinate,2/19/20,plover,-,,5/8/20,,,,,,,,5/29/20,thrown out,,,0,,,,,,,,,,,,,,,,,,,,,,
124,B,1,-,N,did not germinate,2/19/20,plover,-,,5/8/20,,,,,,,,5/29/20,thrown out,,,0,,,,,,,,,,,,,,,,,,,,,,
125,A3,50,-,N,did not germinate,2/19/20,plover,-,,5/8/20,,,,,,,,5/29/20,thrown out,,,0,,,,,,,,,,,,,,,,,,,,,,
126,B,10,-,N,did not germinate,2/19/20,plover,-,,5/8/20,,,,,,,,5/29/20,thrown out,,,0,,,,,,,,,,,,,,,,,,,,,,
127,A3,100,-,Y,2/22/20,2/19/20,plover,-,,5/8/20,,,,,,,,5/29/20,thrown out,,,1,,,,,,,,,,,,,,,,,,,,,,
128,A2,1,-,Y,2/25/20,2/19/20,iris,-,,5/8/20,,,,,,,,5/29/20,big plant,7,5-7,0,,dead,na,na,gray-green,8.3,17,green,6.1,26,,,,,,,,,,,,
129,A2,10,-,Y,2/22/20,2/19/20,iris,-,,5/8/20,,,,,,,,5/29/20,big plant,7,5-7,0,,dead,na,na,"gray-green, wilting",7.4,17,green,5.8,28,,,,,,,,,,,,
130,A3,1,-,N,did not germinate,2/19/20,iris,-,Yes,,,,,,,,,5/29/20,small plant,3,1-3,0,,,,,,,,,,,,,,,,,,,,,,
131,A3,0,-,Y,2/23/20,2/19/20,iris,-,,5/8/20,,,,,,,,5/29/20,small plant,6,4-6,1,,,,,,,,,,,,,,,,,,,,,,
132,A3,0,R,Y,2/22/20,2/19/20,iris,-,,5/8/20,,,,,,,,5/29/20,small plant,3,1-3,0,,,,,,,,,,,,,,,,,,,,,,
133,A2,50,R,Y,2/10/20,2/8/20,EEM,-,,4/22/20,2/5,2/6 dead,"1/6 yellow, 2/6 dead","2/6 yellow, 2/6 dead","1/6 yellow, 2/6 dead",,,5/29/20,big plant,9,7-9,1,,dead,na,na,dead,na,na,dead,na,na,gray-green,6.6,32,green,6.2,33,,,,,,
134,A2,50,R,Y,2/10/20,2/8/20,EEM,-,,4/22/20,1/5,"1/6 yellow, 2/6 dead","1/6 yellow, 2/6 dead",3/6 dead,3/6 dead,,,5/29/20,big plant,9,6-9,0,,dead,na,na,dead,na,na,yellow-green,7.8,23,green,6.4,29,green,6.6,31,,,,,,
135,B,100,R,Y,2/23/20,2/19/20,potting soil,-,,added 5/8/20,,1/5 yellow,1/5 yellow,"1/6 yellow, 1/6 dead","1/6 yellow, 1/6 dead",,,5/29/20,big plant,8,"4, 6-8",0,,"green, brown tip",7.5,13,dead,na,na,green,6,27,green,5.4,29,,,,,,,,,
136,B,100,R,N,did not germinate,2/19/20,plover,-,,5/8/20,,,,,,,,5/29/20,thrown out,,,0,,,,,,,,,,,,,,,,,,,,,,
137,A3,100,R,Y,2/22/20,2/19/20,iris,-,,5/8/20,,,,,,,,5/29/20,thrown out,,,1,,,,,,,,,,,,,,,,,,,,,,
138,B,50,R,Y,2/10/20,2/8/20,EEM,-,,4/22/20,,,1/6 yellow,"1/6 yellow, 1/6 dead","1/6 yellow, 1/6 dead",,,5/29/20,big plant,9,7-9,0,,dead,na,na,dead,na,na,dead,na,na,green,7.8,30,green,7.2,31,,,,,,
139,B,0,-,Y,2/14/20,2/8/20,EEM,-,,4/22/20,,2/6 dead,3/6 dead,3/6 dead,3/7 dead,,,5/29/20,big plant,9,8-9,0,,dead,na,na,dead,na,na,dead,na,na,dead,na,na,green,4.8,33,,,,,,
140,A2,50,-,Y,2/10/20,2/8/20,EEM,-,,5/8/20,,,,,,,,5/29/20,big plant,8,4-8,0,,yellow-green,7,13,green,7.4,15,green,7.4,20,green,7,25,,,,,,,,,
141,A2,50,-,Y,2/12/20,2/8/20,EEM,-,,5/8/20,,,,,,,,5/29/20,big plant,7,5-7,0,,dead,na,na,yellow-green,8.1,17,green,6.6,19,,,,,,,,,,,,
142,A2,100,-,Y,2/12/20,2/8/20,EEM,-,,5/8/20,,,,,,,,5/29/20,small plant,5,1-5,1,,,,,,,,,,,,,,,,,,,,,,
143,A2,100,-,Y,2/10/20,2/8/20,EEM,-,,,,,,,,,,,,,,,,,,,,,,,,,,,,,,,,,,,,
144,A3,0,R,Y,2/2/20,1/31/20,EEM,-,,added 5/8/20,,,,,,,,5/29/20,thrown out,,,1,,,,,,,,,,,,,,,,,,,,,,
145,A3,0,-,N,did not germinate,1/31/20,iris,-,,added 5/8/20,,,,,,,,5/29/20,thrown out,,,0,,,,,,,,,,,,,,,,,,,,,,
146,A2,50,R,N,did not germinate,1/31/20,plover,-,,added 5/8/20,,,,,,,,5/29/20,thrown out,,,0,,,,,,,,,,,,,,,,,,,,,,
147,A2,50,R,N,did not germinate,1/31/20,potting soil,-,,added 5/8/20,,,,,,,,5/29/20,thrown out,,,0,,,,,,,,,,,,,,,,,,,,,,
148,A2,0,-,Y,2/2/20,1/31/20,EEM,-,,added 5/8/20,,,,,,,,5/29/20,thrown out,,,1,,,,,,,,,,,,,,,,,,,,,,
149,A2,50,-,N,did not germinate,1/31/20,iris,-,,added 5/8/20,,,,,,,,5/29/20,thrown out,,,0,,,,,,,,,,,,,,,,,,,,,,
150,A3,100,R,N,did not germinate,1/31/20,plover,-,,added 5/8/20,,,,,,,,5/29/20,thrown out,,,0,,,,,,,,,,,,,,,,,,,,,,
151,A3,100,R,N,did not germinate,1/31/20,potting soil,-,,added 5/8/20,,,,,,,,5/29/20,thrown out,,,0,,,,,,,,,,,,,,,,,,,,,,
152,A3,100,-,Y,2/2/20,1/31/20,EEM,-,,added 5/8/20,,,,,,,,5/29/20,thrown out,,,1,,,,,,,,,,,,,,,,,,,,,,
153,A3,1,-,N,did not germinate,1/31/20,iris,-,,added 5/8/20,,,,,,,,5/29/20,thrown out,,,0,,,,,,,,,,,,,,,,,,,,,,
154,A3,1,-,N,did not germinate,1/31/20,plover,-,,added 5/8/20,,,,,,,,5/29/20,thrown out,,,1,,,,,,,,,,,,,,,,,,,,,,
155,A3,1,-,N,did not germinate,1/31/20,potting soil,-,,added 5/8/20,,,,,,,,5/29/20,thrown out,,,0,,,,,,,,,,,,,,,,,,,,,,
156,B,100,-,N,did not germinate,1/31/20,EEM,-,,added 5/8/20,,,,,,,,5/29/20,thrown out,,,0,,,,,,,,,,,,,,,,,,,,,,
157,A3,50,R,Y,2/2/20,1/31/20,iris,-,,added 5/8/20,,,,,,,,5/29/20,small plant,6,5-6,0,,,,,,,,,,,,,,,,,,,,,,
158,A3,50,R,N,did not germinate,1/31/20,plover,-,,added 5/8/20,,,,,,,,5/29/20,thrown out,,,0,,,,,,,,,,,,,,,,,,,,,,
159,A3,50,R,N,did not germinate,1/31/20,potting soil,-,,added 5/8/20,,,,,,,,5/29/20,thrown out,,,0,,,,,,,,,,,,,,,,,,,,,,
160,B,100,R,N,did not germinate,1/31/20,EEM,-,,5/8/20,,,,,,,,5/29/20,thrown out,,,1,,,,,,,,,,,,,,,,,,,,,,
161,A3,10,R,N,did not germinate,1/31/20,iris,-,,5/8/20,,,,,,,,5/29/20,thrown out,,,0,,,,,,,,,,,,,,,,,,,,,,
162,A3,10,R,N,did not germinate,1/31/20,plover,-,,5/8/20,,,,,,,,5/29/20,thrown out,,,0,,,,,,,,,,,,,,,,,,,,,,
163,A3,10,R,Y,2/2/20,1/31/20,potting soil,-,,4/22/20,,"2/6 yellow, 1/6 dead","1/6 yellow, 2/6 dead",3/6 dead,3/6 dead,,,5/29/20,big plant,7,6-7,0,,dead,na,na,dead,na,na,yellow,5.1,25,,,,,,,,,,,,
164,B,50,-,N,,3/10/20,potting soil,a+,,added 5/8/20,,,,,,,,5/29/20,thrown out,,,0,,,,,,,,,,,,,,,,,,,,,,
165,B,0,R,N,,3/10/20,plover,a+,,added 5/8/20,,,,,,,,5/29/20,thrown out,,,0,,,,,,,,,,,,,,,,,,,,,,
166,B,50,-,N,,3/10/20,iris,a+,,added 5/8/20,,,,,,,,5/29/20,small plant,4,1-4,0,,,,,,,,,,,,,,,,,,,,,,
167,A2,100,R,N,,3/10/20,EEM,a+,,added 5/8/20,,,,,,,,5/29/20,thrown out,,,0,,,,,,,,,,,,,,,,,,,,,,
168,A3,1,R,N,,3/10/20,potting soil,a+,,added 5/8/20,,,,,,,,5/29/20,thrown out,,,0,,,,,,,,,,,,,,,,,,,,,,
169,B,0,-,N,,3/10/20,plover,a+,,added 5/8/20,,,,,,,,5/29/20,thrown out,,,0,,,,,,,,,,,,,,,,,,,,,,
170,A2,1,-,N,,3/10/20,iris,a+,,added 5/8/20,,,,,,,,5/29/20,thrown out,,,0,,,,,,,,,,,,,,,,,,,,,,
171,A3,10,R,N,,3/10/20,EEM,a+,,added 5/8/20,,,,,,,,5/29/20,small plant,5,1-5,0,,,,,,,,,,,,,,,,,,,,,,
172,A3,100,-,N,,3/10/20,potting soil,a+,,added 5/8/20,,,,,,1 yellow,1 yellow,5/29/20,small plant,6,4-6,0,,,,,,,,,,,,,,,,,,,,,,
173,A3,50,-,N,,3/10/20,plover,a+,,added 5/8/20,,,,,,,,5/29/20,thrown out,,,0,,,,,,,,,,,,,,,,,,,,,,
174,A3,10,-,Y,3/13/20,3/10/20,iris,a+,,added 5/8/20,,,,,,,,5/29/20,small plant,6,1-6,0,,,,,,,,,,,,,,,,,,,,,,
175,B,100,-,N,,3/10/20,EEM,a+,,added 5/8/20,,,,,,,,5/29/20,thrown out,,,0,,,,,,,,,,,,,,,,,,,,,,
176,A2,50,R,N,,3/10/20,potting soil,a+,,added 5/8/20,,,,,,,,5/29/20,thrown out,,,0,,,,,,,,,,,,,,,,,,,,,,
177,A3,1,-,N,,3/10/20,plover,a+,,added 5/8/20,,,,,,,,5/29/20,thrown out,,,0,,,,,,,,,,,,,,,,,,,,,,
178,B,100,R,N,,3/10/20,iris,a+,,added 5/8/20,,,,,,,,5/29/20,thrown out,,,0,,,,,,,,,,,,,,,,,,,,,,
179,A3,100,-,N,,3/10/20,EEM,a+,,added 5/8/20,,,,,,,,5/29/20,thrown out,,,0,,,,,,,,,,,,,,,,,,,,,,
180,A3,100,R,N,,3/10/20,potting soil,a+,,added 5/8/20,,,,,,,,5/29/20,thrown out,,,0,,,,,,,,,,,,,,,,,,,,,,
181,B,50,-,N,,3/10/20,plover,a+,,added 5/8/20,,,,,,,,5/29/20,thrown out,,,0,,,,,,,,,,,,,,,,,,,,,,
182,A3,1,R,Y,3/13/20,3/10/20,iris,a+,,added 5/8/20,,,,,,,,5/29/20,small plant,6,2-6,0,,,,,,,,,,,,,,,,,,,,,,
183,B,0,-,N,,3/10/20,EEM,a+,,added 5/8/20,,,,,,,,5/29/20,thrown out,,,0,,,,,,,,,,,,,,,,,,,,,,
184,B,50,-,N,,3/10/20,potting soil,-,,added 5/8/20,,,,,,,,5/29/20,thrown out,,,0,,,,,,,,,,,,,,,,,,,,,,
185,B,0,-,N,,3/10/20,plover,-,,added 5/8/20,,,,,,,,5/29/20,thrown out,,,0,,,,,,,,,,,,,,,,,,,,,,
186,A2,1,-,N,,3/10/20,iris,-,,added 5/8/20,,,,,,,,5/29/20,thrown out,,,0,,,,,,,,,,,,,,,,,,,,,,
187,A3,100,R,N,,3/10/20,EEM,-,,added 5/8/20,,,,,,,,5/29/20,thrown out,,,0,,,,,,,,,,,,,,,,,,,,,,
188,A3,100,-,N,,3/10/20,potting soil,-,,added 5/8/20,,,,,,,,5/29/20,thrown out,,,0,,,,,,,,,,,,,,,,,,,,,,
189,B,0,R,N,,3/10/20,plover,-,,added 5/8/20,,,,,,,,5/29/20,thrown out,,,0,,,,,,,,,,,,,,,,,,,,,,
190,A3,1,R,N,,3/10/20,iris,-,,added 5/8/20,,,,,,,,5/29/20,thrown out,,,0,,,,,,,,,,,,,,,,,,,,,,
191,A3,100,-,N,,3/10/20,EEM,-,,added 5/8/20,,,,,,,,5/29/20,thrown out,,,0,,,,,,,,,,,,,,,,,,,,,,
192,B,0,R,N,,3/10/20,EEM,-,,added 5/8/20,,,,,,,,5/29/20,thrown out,,,1,,,,,,,,,,,,,,,,,,,,,,
193,A3,0,R,Y,2/12/20,2/8/20,EEM,-,,4/22/20,,1/5 dead,"1/5 yellow, 1/5 dead","1/6 yellow, 2/6 dead","1/5 yellow, 1/5 dead",,,5/29/20,big plant,7,5-7,0,,dead,na,na,yellow,5.2,19,yellow-green,5.4,23,,,,,,,,,,,,
194,A2,100,R,Y,2/12/20,2/8/20,EEM,-,,4/22/20,,,2/5 yellow,"1/6 yellow, 1/6 dead","1/6 yellow, 2/6 dead",,,5/29/20,big plant,7,4-7,0,,yellow-green,7.3,15,green,5.5,17,green,4.6,21,,,,,,,,,,,,
195,A3,1,-,Y,2/14/20,2/8/20,EEM,-,,added 5/8/20,,,,,,,,5/29/20,big plant,8,6-8,0,,dead,na,na,dead,na,na,yellow,6.4,21,green,6.2,25,,,,,,,,,
196,B,1,-,Y,2/12/20,2/8/20,EEM,-,,added 5/8/20,,,,,,,,5/29/20,big plant,7,4-7,0,,yellow-green,7.7,12,yellow-green,7,14,green,5.4,19,,,,,,,,,,,,
197,B,50,R,Y,2/25/20,2/19/20,EEM,-,,added 5/8/20,,,,,,,,5/29/20,thrown out,,,0,,,,,,,,,,,,,,,,,,,,,,
198,B,50,-,Y,2/25/20,2/19/20,EEM,-,,added 5/8/20,,,,,,,,5/29/20,small plant,5,4-5,0,,,,,,,,,,,,,,,,,,,,,,
199,A3,10,R,Y,2/10/20,2/8/20,EEM,-,,,,,,,,,,5/29/20,big plant,8,5-8,0,,dead,na,na,yellow,6.7,18,green,6,23,green,5.9,29,,,,,,,,,
200,A3,100,-,Y,2/12/20,2/8/20,EEM,-,,4/22/20,,"1/6 yellow, 2/6 dead","1/6 yellow, 2/6 dead",3/7 dead,"1/7 yellow, 3/7 dead",,,5/29/20,big plant,9,7-9,0,,dead,dead,na,na,dead,na,na,dead,na,na,"green, wilted",5.3,29,"green, wilted",5.2,31,,,,,
201,B,50,R,Y,2/22/20,2/19/20,EEM,-,,added 5/8/20,,,,,,1 yellow,1 yellow,5/29/20,big plant,7,5-7,0,,dead,na,na,green,7.3,21,green,6.5,26,,,,,,,,,,,,
202,A3,0,R,Y,2/25/20,2/19/20,EEM,-,,4/22/20,,,1/5 yellow,2/6 dead,"1/6 yellow, 2/6 dead",,,5/29/20,big plant,8,6-8,0,,dead,na,na,dead,na,na,green,6.4,26,green,6.2,29,,,,,,,,,
203,A3,0,R,Y,2/25/20,2/19/20,EEM,-,,4/22/20,,1/6 dead,"1/6 yellow, 1/6 dead","1/5 yellow, 1/5 dead","1/5 yellow, 1/5 dead",1 yellow,1 yellow,5/29/20,big plant,7,5-7,0,,dead,na,na,yellow,6.5,21,green,6.6,29,,,,,,,,,,,,
204,B,1,R,Y,2/22/20,2/19/20,EEM,-,,added 5/8/20,,,,,,,,5/29/20,thrown out,,,0,,,,,,,,,,,,,,,,,,,,,,
205,B,10,R,Y,2/22/20,2/19/20,EEM,-,,added 5/8/20,,,,,,,,5/29/20,thrown out,,,0,,,,,,,,,,,,,,,,,,,,,,
206,A2,50,-,Y,2/22/20,2/19/20,EEM,-,,,,,,,,,,5/29/20,big plant,7,5-7,0,,dead,na,na,yellow-green,7.7,17,green,6.5,21,,,,,,,,,,,,
207,B,0,R,Y,2/23/20,2/19/20,EEM,-,,added 5/8/20,,,,,,,,5/29/20,small plant,6,4-6,0,,,,,,,,,,,,,,,,,,,,,,
208,A3,10,-,Y,2/25/20,2/19/20,EEM,-,,4/22/20,,1/5 yellow,1/5 yellow,1/6 yellow,2/6 yellow,,,5/29/20,big plant,8,5-8,0,,dead,na,na,green,7,19,green,6.3,25,green,7.5,29,,,,,,,,,
209,A2,1,-,Y,2/22/20,2/19/20,EEM,-,,added 5/8/20,,,,,,,,5/29/20,thrown out,,,0,,,,,,,,,,,,,,,,,,,,,,
210,A2,100,-,Y,2/23/20,2/19/20,EEM,-,,added 5/8/20,,,,,,,,5/29/20,big plant,7,5-7,0,,dead,na,na,green,7.6,18,green,7,23,,,,,,,,,,,,
211,A3,0,R,Y,2/22/20,2/19/20,EEM,-,,added 5/8/20,,,,,,,,5/29/20,big plant,7,5-7,0,,dead,na,na,"green, wilting",7.6,15,green,6.7,18,,,,,,,,,,,,
212,A3,0,-,Y,2/25/20,2/19/20,EEM,-,,4/22/20,,2/6 yellow,2/6 yellow,2/6 dead,"1/6 yellow, 2/6 dead",,,5/29/20,big plant,8,5-8,0,,dead,na,na,yellow,6.3,19,green,6.4,25,green,6.2,28,,,,,,,,,
213,B,100,-,Y,2/23/20,2/19/20,EEM,-,,added 5/8/20,,,,,,,,5/29/20,thrown out,,,1,,,,,,,,,,,,,,,,,,,,,,
214,A2,100,-,Y,2/22/20,2/19/20,EEM,-,,added 5/8/20,,,,,,,,5/29/20,big plant,8,5-8,1,,dead,na,na,green,7.6,15,green,7.2,19,green,7,24,,,,,,,,,
215,A2,0,-,N,,3/12/20,iris,a+,,added 5/8/20,,,,,,,,5/29/20,thrown out,,,0,,,,,,,,,,,,,,,,,,,,,,
216,A2,0,-,N,,3/12/20,iris,-,,added 5/8/20,,,,,,,,5/29/20,thrown out,,,0,,,,,,,,,,,,,,,,,,,,,,
217,A3,0,-,N,,3/12/20,potting soil,a+,,,,,,,,,,5/29/20,small plant,4,4,0,,,,,,,,,,,,,,,,,,,,,,
218,A3,0,-,N,,3/12/20,potting soil,a+,,added 5/8/20,,,,,,,,5/29/20,thrown out,,,0,,,,,,,,,,,,,,,,,,,,,,
219,A3,0,-,N,,3/12/20,potting soil,-,,added 5/8/20,,,,,,,,5/29/20,thrown out,,,0,,,,,,,,,,,,,,,,,,,,,,
220,A3,0,R,N,,3/12/20,EEM,a+,,added 5/8/20,,,,,,,,5/29/20,thrown out,,,0,,,,,,,,,,,,,,,,,,,,,,
221,A3,0,R,N,,3/12/20,EEM,-,,added 5/8/20,,,,,,,,5/29/20,thrown out,,,0,,,,,,,,,,,,,,,,,,,,,,
222,B,0,-,N,,3/12/20,plover,-,,added 5/8/20,,,,,,,,5/29/20,thrown out,,,0,,,,,,,,,,,,,,,,,,,,,,
223,A2,0,R,N,,3/12/20,EEM,a+,,added 5/8/20,,,,,,,,5/29/20,thrown out,,,0,,,,,,,,,,,,,,,,,,,,,,
224,B,0,R,N,,3/12/20,plover,a+,,added 5/8/20,,,,,,,,5/29/20,thrown out,,,0,,,,,,,,,,,,,,,,,,,,,,
225,B,1,-,N,,3/12/20,potting soil,a+,,,,,,,,,,5/29/20,thrown out,,,0,,,,,,,,,,,,,,,,,,,,,,
226,B,1,-,N,,3/12/20,plover,-,,added 5/8/20,,,,,,,,5/29/20,thrown out,,,0,,,,,,,,,,,,,,,,,,,,,,
227,A3,1,R,N,,3/12/20,iris,a+,,added 5/8/20,,,,,,,,5/29/20,thrown out,,,0,,,,,,,,,,,,,,,,,,,,,,
228,A2,1,-,N,,3/12/20,iris,-,,,,,,,,,,5/29/20,thrown out,,,0,,,,,,,,,,,,,,,,,,,,,,
229,B,1,R,N,,3/12/20,iris,a+,,added 5/8/20,,,,,,,,5/29/20,thrown out,,,0,,,,,,,,,,,,,,,,,,,,,,
230,B,10,R,N,,3/12/20,potting soil,a+,,added 5/8/20,,,,,,,,5/29/20,thrown out,,,0,,,,,,,,,,,,,,,,,,,,,,
231,A2,10,-,N,,3/12/20,EEM,a+,,added 5/8/20,,,,,,,,5/29/20,thrown out,,,0,,,,,,,,,,,,,,,,,,,,,,
232,A3,10,R,N,,3/12/20,plover,a+,,added 5/8/20,,,,,,,,5/29/20,thrown out,,,0,,,,,,,,,,,,,,,,,,,,,,
233,B,10,-,N,,3/12/20,plover,a+,,added 5/8/20,,,,,,,,5/29/20,thrown out,,,0,,,,,,,,,,,,,,,,,,,,,,
234,A2,10,R,N,,3/12/20,EEM,a+,,added 5/8/20,,,,,,,,5/29/20,thrown out,,,0,,,,,,,,,,,,,,,,,,,,,,
235,B,50,R,N,,3/12/20,potting soil,a+,,added 5/8/20,,,,,,1 yellow,1 yellow,5/29/20,small plant,6,4-6,0,,,,,,,,,,,,,,,,,,,,,,
236,B,50,-,N,,3/12/20,iris,a+,,added 5/8/20,,,,,,,,5/29/20,thrown out,,,0,,,,,,,,,,,,,,,,,,,,,,
237,A2,50,R,N,,3/12/20,iris,a+,,added 5/8/20,,,,,,,,5/29/20,thrown out,,,0,,,,,,,,,,,,,,,,,,,,,,
238,A3,50,-,N,,3/12/20,potting soil,a+,,added 5/8/20,,,,,,,,5/29/20,small plant,3,1-3,0,,,,,,,,,,,,,,,,,,,,,,
239,A3,50,R,N,,3/12/20,EEM,a+,,added 5/8/20,,,,,,,,5/29/20,thrown out,,,0,,,,,,,,,,,,,,,,,,,,,,
240,A3,100,R,N,,3/12/20,plover,a+,,added 5/8/20,,,,,,,,5/29/20,thrown out,,,0,,,,,,,,,,,,,,,,,,,,,,
241,A2,100,-,N,,3/12/20,plover,a+,,added 5/8/20,,,,,,,,5/29/20,thrown out,,,0,,,,,,,,,,,,,,,,,,,,,,
242,A2,100,R,N,,3/12/20,EEM,a+,,added 5/8/20,,,,,,,,5/29/20,thrown out,,,0,,,,,,,,,,,,,,,,,,,,,,
243,B,100,-,N,,3/12/20,potting soil,a+,,added 5/8/20,,,,,,,,5/29/20,thrown out,,,0,,,,,,,,,,,,,,,,,,,,,,
244,B,100,R,N,,3/12/20,iris,a+,,added 5/8/20,,,,,,,,5/29/20,thrown out,,,0,,,,,,,,,,,,,,,,,,,,,,
245,A3,10,R,N,,3/12/20,plover,-,,added 5/8/20,,,,,,,,5/29/20,thrown out,,,0,,,,,,,,,,,,,,,,,,,,,,
246,A2,10,-,N,,3/12/20,EEM,-,,added 5/8/20,,,,,,,,5/29/20,thrown out,,,1,,,,,,,,,,,,,,,,,,,,,,
247,B,10,R,N,,3/12/20,potting soil,-,,added 5/8/20,,,,,,,,5/29/20,thrown out,,,0,,,,,,,,,,,,,,,,,,,,,,
248,A3,1,-,N,,3/12/20,iris,-,,added 5/8/20,,,,,,,,5/29/20,thrown out,,,0,,,,,,,,,,,,,,,,,,,,,,
249,B,50,-,N,,3/12/20,iris,-,,,,,,,,,,5/29/20,thrown out,,,0,,,,,,,,,,,,,,,,,,,,,,
250,B,50,R,N,,3/12/20,potting soil,-,,added 5/8/20,,,,,,,,5/29/20,thrown out,,,0,,,,,,,,,,,,,,,,,,,,,,
251,A3,10,-,N,,3/12/20,EEM,-,,added 5/8/20,,,,,,,,5/29/20,thrown out,,,0,,,,,,,,,,,,,,,,,,,,,,
252,B,10,-,N,,3/12/20,plover,-,,added 5/8/20,,,,,,,,5/29/20,thrown out,,,0,,,,,,,,,,,,,,,,,,,,,,
253,A3,100,R,N,,3/12/20,plover,-,,added 5/8/20,,,,,,,,5/29/20,thrown out,,,0,,,,,,,,,,,,,,,,,,,,,,
254,A2,50,-,N,,3/12/20,EEM,-,,added 5/8/20,,,,,,,,5/29/20,thrown out,,,0,,,,,,,,,,,,,,,,,,,,,,
255,A3,50,-,N,,3/12/20,potting soil,-,,added 5/8/20,,,,,,,,5/29/20,thrown out,,,0,,,,,,,,,,,,,,,,,,,,,,
256,A2,50,R,N,,3/12/20,iris,-,,added 5/8/20,,,,,,,,5/29/20,thrown out,,,0,,,,,,,,,,,,,,,,,,,,,,
257,A3,100,-,N,,3/12/20,iris,-,,added 5/8/20,,,,,,,,5/29/20,small plant,5,3-5,0,,,,,,,,,,,,,,,,,,,,,,
258,B,100,-,N,,3/12/20,potting soil,-,,added 5/8/20,,,,,,,,5/29/20,thrown out,,,0,,,,,,,,,,,,,,,,,,,,,,
259,A2,100,R,N,,3/12/20,EEM,-,,,,,,,,,,5/29/20,thrown out,,,0,,,,,,,,,,,,,,,,,,,,,,
260,A2,100,-,N,,3/12/20,plover,-,,added 5/8/20,,,,,,,,5/29/20,thrown out,,,0,,,,,,,,,,,,,,,,,,,,,,
261,A2,1,R,N,,3/12/20,potting soil,-,,added 5/8/20,,,,,,,,5/29/20,thrown out,,,0,,,,,,,,,,,,,,,,,,,,,,
262,A3,1,R,N,,3/12/20,EEM,-,,added 5/8/20,,,,,,,,5/29/20,thrown out,,,0,,,,,,,,,,,,,,,,,,,,,,
263,B,0,-,N,,3/12/20,plover,a+,,added 5/8/20,,,,,,,,5/29/20,thrown out,,,0,,,,,,,,,,,,,,,,,,,,,,
orange tape,,,,Y,,,,,,,,,,,,,,5/29/20,thrown out,,,0,,,,,,,,,,,,,,,,,,,,,,
orange tape,,,,Y,,,,,,,,,,,,,,5/29/20,thrown out,,,0,,,,,,,,,,,,,,,,,,,,,,
orange tape,,,,Y,,,,,,,,,,,,,,5/29/20,thrown out,,,0,,,,,,,,,,,,,,,,,,,,,,
orange tape,,,,Y,,,,,,,,,,,,,,5/29/20,thrown out,,,0,,,,,,,,,,,,,,,,,,,,,,
orange tape,,,,Y,,,,,,,,,,,,,,5/29/20,thrown out,,,0,,,,,,,,,,,,,,,,,,,,,,
orange tape,,,,Y,,,,,,,,,,,,,,5/29/20,thrown out,,,0,,,,,,,,,,,,,,,,,,,,,,
pink tape,,,,Y,,,,,,,,,,,,,,5/29/20,thrown out,,,0,,,,,,,,,,,,,,,,,,,,,,
pink tape,,,,Y,,,,,,,,,,,,,,5/29/20,thrown out,,,0,,,,,,,,,,,,,,,,,,,,,,
pink tape,,,,Y,,,,,,,,,,,,,,5/29/20,thrown out,,,0,,,,,,,,,,,,,,,,,,,,,,
pink tape,,,,Y,,,,,,,,,,,,,,5/29/20,thrown out,,,0,,,,,,,,,,,,,,,,,,,,,,
pink tape,,,,Y,,,,,,,,,,,,,,5/29/20,thrown out,,,0,,,,,,,,,,,,,,,,,,,,,,
yellow tape,,,,Y,,,,,,,,,,,,,,5/29/20,thrown out,,,0,,,,,,,,,,,,,,,,,,,,,,
yellow tape,,,,Y,,,,,,,,,,,,,,5/29/20,thrown out,,,0,,,,,,,,,,,,,,,,,,,,,,
yellow tape,,,,Y,,,,,,,,,,,,,,5/29/20,thrown out,,,0,,,,,,,,,,,,,,,,,,,,,,
yellow tape,,,,Y,,,,,,,,,,,,,,5/29/20,thrown out,,,0,,,,,,,,,,,,,,,,,,,,,,
yellow tape,,,,Y,,,,,,,,,,,,,,5/29/20,thrown out,,,0,,,,,,,,,,,,,,,,,,,,,,
yellow tape,,,,Y,,,,,,,,,,,,,,5/29/20,thrown out,,,0,,,,,,,,,,,,,,,,,,,,,,
1,A2,100,R,Y,2/10/20,2/8/20,potting soil,-,,5/8/2020,,,,,,,1 yellow,7/7/20,now a big plant,10,,0,,dead,na,na,dead,na,na,dead,na,na,dead,na,na,yellow-green,6,27,green,7.2,31,green,8.5,31
2,A2,100,R,Y,2/10/20,2/8/20,potting soil,-,,5/8/2020,,,,,,,,7/7/20,now a big plant,8,,0,,dead,na,na,dead,na,na,green,6.5,22,green,5.9,23,green,4.5,27,,,,,,
6,A2,100,-,Y,2/10/20,2/8/20,potting soil,-,,4/22/2020,,1/5 yellow,1/5 yellow,1/5 dead,"1/5 yellow, 1/5 dead",,,7/7/20,now a big plant,10,,0,,dead,na,na,dead,na,na,dead,na,na,dead,na,na,green,6.2,30,green,6.7,30,green,5.7,31
12,A2,100,-,Y,2/12/20,2/8/20,plover,-,,5/8/2020,1/3,1/3 yellow,1/3 yellow,,,,,7/7/20,now a big plant,8,,0,,dead,na,na,dead,na,na,green,5,16,green,5.5,21,green,5,22,green,3.5,21,,,
13,A2,100,R,Y,2/14/20,2/8/20,iris,-,,4/22/2020,1/5,"1/5 yellow, 1/5 dead","1/5 yellow, 1/5 dead",2/6 dead,2/6 dead,,,7/7/20,now a big plant,9,,0,,dead,na,na,dead,na,na,dead,na,na,green,4.1,29,green,6.7,28,green,5.5,28,,,
19,A2,100,-,Y,2/10/20,2/8/20,EEM,-,,4/22/2020,1/4,"2/6 yellow, 1/6 dead","1/6 yellow, 2/6 dead","1/6 yellow, 1/6 dead",3/6 dead,,,7/7/20,small plant,3,,0,,,,,,,,,,,,,,,,,,,,,,
21,A2,1,R,Y,2/14/20,2/8/20,potting soil,-,,5/8/2020,,,,,,,,7/7/20,now a big plant,8,,0,,dead,na,na,yellow-green,9,17,green,3-Sep,18,green,8.3,25,green,5.8,30,,,,,,
23,A2,1,R,Y,did not germinate,2/8/20,potting soil,-,Yes,5/8/2020,,,,,,,,7/7/20,now a big plant,9,,0,,dead,na,na,dead,na,na,green,7.8,17,green,7.5,19,green,7.2,24,green,3,24,green,3,29
27,A2,1,R,Y,2/10/20,2/8/20,plover,-,,5/8/2020,,,,,,,,7/7/20,senesced,,,0,,,,,,,,,,,,,,,,,,,,,,
35,B,1,R,Y,2/14/20,2/8/20,iris,-,,5/8/2020,,1/5 yellow,"1/5 yellow, 1/5 dead",2/4 dead,,,,7/7/20,with weed,,,1,,,,,,,,,,,,,,,,,,,,,,
36,A3,1,R,Y,2/10/20,2/8/20,iris,-,,4/22/2020,,,,"1/5 yellow, 1/5 dead","1/6 yellow, 1/6 dead",,,7/7/20,with weed,,,1,,,,,,,,,,,,,,,,,,,,,,
47,B,10,-,Y,2/10/20,2/8/20,plover,-,,1/0/00,,,,,,,,7/7/20,now a big plant,9,,0,,dead,na,na,dead,na,na,dead,na,na,dead,na,na,green,5.7,22,green,6.6,25,,,
48,A2,50,-,Y,2/14/20,2/8/20,plover,-,,4/22/2020,1/3,,1/3 yellow,1/3 yellow,1/3 yellow,,,7/7/20,small plant,3,,0,,,,,,,,,,,,,,,,,,,,,,
58,A2,50,R,Y,2/12/20,2/8/20,iris,-,,5/8/2020,,,,,,,,7/7/20,with weed,,,1,,,,,,,,,,,,,,,,,,,,,,
60,A2,100,-,Y,2/14/20,2/8/20,EEM,-,,5/8/2020,,,,,,,,7/7/20,now a big plant,8,,0,,yellow,5.8,10,green,6.8,13,green,7,15,green,6.3,15,green,3.8,22,,,,,,
69,B,0,R,Y,2/10/20,2/8/20,plover,-,,4/22/2020,1/3,2/3 yellow,2/3 yellow,1/3 yellow,1/3 yellow,1 yellow,1 yellow,7/7/20,small plant,5,,0,,,,,,,,,,,,,,,,,,,,,,
70,B,1,-,Y,2/10/20,2/8/20,plover,-,,4/22/2020,1/3,1/3 yellow,1/3 yellow,1/3 yellow,1/3 yellow,1 yellow,1 yellow,7/7/20,small plant,4,,0,,,,,,,,,,,,,,,,,,,,,,
73,A2,100,R,Y,2/10/20,2/8/20,iris,-,,4/22/2020,1/3,1/5 yellow,2/5 yellow,"1/6 yellow, 1/6 dead","1/6 yellow, 1/6 dead",1 yellow,1 yellow,7/7/20,small plant,6,,,,,,,,,,,,,,,,,,,,,,,,
77,B,50,-,Y,2/10/20,2/8/20,iris,-,,5/8/2020,,,,,,,,7/7/20,now a big plant,8,,0,,dead,na,na,dead,na,na,green,6.1,19,green,5.5,23,green,3.2,27,,,,,,
81,B,0,-,Y,2/22/20,2/19/20,potting soil,-,,5/8/2020,,,,,,,,7/7/20,now a big plant,7,,0,,yellow-green,8.2,17,green,8.3,25,green,8.1,27,green,5.6,30,,,,,,,,,
82,A3,0,R,Y,2/23/20,2/19/20,potting soil,-,,5/8/2020,,,,,,,,7/7/20,now a big plant,10,,0,,dead,na,na,dead,na,na,dead,na,na,dead,na,na,green,5.8,29,green,6.9,28,green,5.7,29
83,B,50,R,Y,did not germinate,2/19/20,potting soil,-,Yes,5/8/2020,,,,,,,,7/7/20,now a big plant,9,,0,,dead,na,na,dead,na,na ,yellow-green,7.3,19,green,7.2,25,green,8.2,29,green,6.2,29,,,
84,B,50,-,Y,2/22/20,2/19/20,potting soil,-,,5/8/2020,,,,,,,,7/7/20,now a big plant,9,,0,,dead,na,na,dead,na,na,yellow-green,6.1,23,green,7.3,27,green,7.7,30,green,6.2,31,,,
87,B,0,-,Y,2/23/20,2/19/20,plover,-,,5/8/2020,,1/3 yellow,,,,,,7/7/20,now a big plant,8,,0,,dead,na,na,yellow-green,6.6,21,green,6.9,24,green,6.4,27,green,4.7,29,,,,,,
88,A3,0,R,Y,2/22/20,2/19/20,plover,-,,5/8/2020,,,,,,,,7/7/20,small plant,4,,0,,,,,,,,,,,,,,,,,,,,,,
90,B,50,-,Y,2/25/20,2/19/20,plover,-,,4/22/2020,,2/3 yellow,2/3 yellow,1/2 yellow,1/3 yellow,,,7/7/20,now a big plant,7,,0,,green,3.2,11,green,6,9,green,7.1,15,green,5.6,19,,,,,,,,,
92,B,10,R,Y,2/10/20,2/8/20,plover,-,,4/22/2020,2/3,1/3 yellow,1/3 yellow,1/3 yellow,1/3 yellow,,,7/7/20,now a big plant,9,,0,,green,4.4,10,green,5.7,11,green,6.5,13,green,6.8,24,green,5.2,25,green,3,31,,,
98,B,10,R,Y,2/12/20,2/8/20,iris,-,,5/8/2020,,,,,,,,7/7/20,now a big plant,8,,0,,dead,na,na,dead,na,na,green,6,29,green,6.4,30,green,4.1,32,,,,,,
101,A3,50,R,Y,2/22/20,2/19/20,potting soil,-,,5/8/2020,,,,,,,,7/7/20,now a big plant,9,,0,,dead,na,na,dead,na,na,dead,na,na,green,6.7,29,green,7.5,28,green,6.4,28,,,
107,B,1,R,Y,2/22/20,2/19/20,plover,-,,5/8/2020,,,,,,,,7/7/20,now a big plant,8,,0,,yellow-green,4,18,green,3.1,25,green,4.1,22,green,6,19,green,3.5,19,,,,,,
113,B,0,R,Y,2/22/20,2/19/20,iris,-,,5/8/2020,,,,,,,,7/7/20,now a big plant,8,,0,,yellow-green,5.1,10,yellow-green,5.6,12,green,6.7,14,green,6.1,15,green,3.4,19,,,,,,
120,A3,50,-,Y,2/23/20,2/19/20,potting soil,-,,4/22/2020,,1/5 yellow,1/5 yellow,"1/5 yellow, 1/5 dead","1/5 yellow, 1/5 dead",1 yellow,,7/7/20,now a big plant,9,,0,,dead,na,na,dead,na,na,green,6.5,31,green,6.8,31,green,5.3,27,green,3.5,27,,,
130,A3,1,-,Y,did not germinate,2/19/20,iris,-,Yes,1/0/00,,,,,,,,7/7/20,small plant,5,,0,,,,,,,,,,,,,,,,,,,,,,
131,A3,0,-,Y,2/23/20,2/19/20,iris,-,,5/8/2020,,,,,,,,7/7/20,now a big plant,7,,0,,dead,na,na,dead,na,na,green,5.6,28,green,4.5,26,,,,,,,,,
132,A3,0,R,Y,2/22/20,2/19/20,iris,-,,5/8/2020,,,,,,,,7/7/20,small plant,4,,0,,,,,,,,,,,,,,,,,,,,,,
157,A3,50,R,Y,2/2/20,1/31/20,iris,-,,added 5/8/20,,,,,,,,7/7/20,now a big plant,7,,0,,dead,na,na,green,5.5,18,green,5.5,25,green,4.2,25,,,,,,,,,
166,B,50,-,Y,1/0/00,3/10/20,iris,a+,,added 5/8/20,,,,,,,,7/7/20,small plant,6,,0,,,,,,,,,,,,,,,,,,,,,,
171,A3,10,R,Y,1/0/00,3/10/20,EEM,a+,,added 5/8/20,,,,,,,,7/7/20,small plant,6,,0,,,,,,,,,,,,,,,,,,,,,,
172,A3,100,-,Y,1/0/00,3/10/20,potting soil,a+,,added 5/8/20,,,,,,1 yellow,1 yellow,7/7/20,now a big plant,8,,0,,yellow-green,7.4,14,yellow-green,7.1,19,yellow-green,8.2,25,yellow-green,4,28,green,3,26,,,,,,
174,A3,10,-,Y,3/13/20,3/10/20,iris,a+,,added 5/8/20,,,,,,,,7/7/20,now a big plant,7,,0,,yellow-green,5.9,11,yellow-green,6.2,15,yellow-green,5.8,19,green,3.6,21,,,,,,,,,
182,A3,1,R,Y,3/13/20,3/10/20,iris,a+,,added 5/8/20,,,,,,,,7/7/20,now a big plant,8,,0,,dead,na,na,dead,na,na,green,5.9,19,green,4.9,23,green,6.1,19,,,,,,
198,B,50,-,Y,2/25/20,2/19/20,EEM,-,,added 5/8/20,,,,,,,,7/7/20,now a big plant,7,,0,,green,7.3,11,green,7.5,17,green,7.4,21,green,7.3,27,,,,,,,,,
207,B,0,R,Y,2/23/20,2/19/20,EEM,-,,added 5/8/20,,,,,,,,7/7/20,now a big plant,10,,0,,dead,na,na,dead,na,na,dead,na,na,dead,na,na,green,7,30,green,7.4,30,green,5.4,33
217,A3,0,-,Y,1/0/00,3/12/20,potting soil,a+,,1/0/00,,,,,,,,7/7/20,now a big plant,7,,0,,yellow-green,7.2,13,yellow-green,6.8,17,yellow-green,6,21,yellow-green,5.3,25,,,,,,,,,
235,B,50,R,Y,1/0/00,3/12/20,potting soil,a+,,added 5/8/20,,,,,,1 yellow,1 yellow,7/7/20,senesced,8,,,,,,,,,,,,,,,,,,,,,,,,
238,A3,50,-,Y,1/0/00,3/12/20,potting soil,a+,,added 5/8/20,,,,,,,,7/7/20,small plant,6,,0,,,,,,,,,,,,,,,,,,,,,,
257,A3,100,-,Y,1/0/00,3/12/20,iris,-,,added 5/8/20,,,,,,,,7/7/20,now a big plant,8,,0,,dead,na,na,yellow-green,5.8,17,green,6,24,green,5.4,27,green,3.3.,27,,,,,,
32 (1),#N/A,#N/A,#N/A,Y,#N/A,#N/A,#N/A,#N/A,#N/A,#N/A,#N/A,#N/A,#N/A,#N/A,#N/A,#N/A,#N/A,9/4/20,senesced,,,,,,,,,,,,,,,,,,,,,,,,,
32 (2),#N/A,#N/A,#N/A,Y,#N/A,#N/A,#N/A,#N/A,#N/A,#N/A,#N/A,#N/A,#N/A,#N/A,#N/A,#N/A,#N/A,9/4/20,senesced,,,,,,,,,,,,,,,,,,,,,,,,,
59 (1),#N/A,#N/A,#N/A,Y,#N/A,#N/A,#N/A,#N/A,#N/A,#N/A,#N/A,#N/A,#N/A,#N/A,#N/A,#N/A,#N/A,9/4/20,senesced,,,,,,,,,,,,,,,,,,,,,,,,,
59 (2),#N/A,#N/A,#N/A,Y,#N/A,#N/A,#N/A,#N/A,#N/A,#N/A,#N/A,#N/A,#N/A,#N/A,#N/A,#N/A,#N/A,9/4/20,senesced,,,,,,,,,,,,,,,,,,,,,,,,,
72 (1),#N/A,#N/A,#N/A,Y,#N/A,#N/A,#N/A,#N/A,#N/A,#N/A,#N/A,#N/A,#N/A,#N/A,#N/A,#N/A,#N/A,9/4/20,senesced,,,,,,,,,,,,,,,,,,,,,,,,,
72 (2),#N/A,#N/A,#N/A,Y,#N/A,#N/A,#N/A,#N/A,#N/A,#N/A,#N/A,#N/A,#N/A,#N/A,#N/A,#N/A,#N/A,9/4/20,senesced,,,,,,,,,,,,,,,,,,,,,,,,,
7,A2,100,R,Y,2/10/20,2/8/20,plover,-,,5/8/2020,,2/3 yellow,,,,,,9/4/20,senesced,4,,,,,,,,,,,,,,,,,,,,,,,,
8,A2,100,R,Y,2/14/20,2/8/20,plover,-,,5/8/2020,1/3,2/3 yellow,,,,,,9/4/20,small plant,5,,,"plant is deep in pot - I'm unable to see or measure the leaves, which are very small",,,,,,,,,,,,,,,,,,,,,
35,B,1,R,Y,2/14/20,2/8/20,iris,-,,5/8/2020,,1/5 yellow,"1/5 yellow, 1/5 dead",2/4 dead,,,,9/4/20,senesced,,,,,,,,,,,,,,,,,,,,,,,,,
36,A3,1,R,Y,2/10/20,2/8/20,iris,-,,4/22/2020,,,,"1/5 yellow, 1/5 dead","1/6 yellow, 1/6 dead",,,9/4/20,senesced,,,,,,,,,,,,,,,,,,,,,,,,,
48,A2,50,-,Y,2/14/20,2/8/20,plover,-,,4/22/2020,1/3,,1/3 yellow,1/3 yellow,1/3 yellow,,,9/4/20,small plant,6,,0,plant is small and deep in pot - I'm unable to see or measure leaves,,,,,,,,,,,,,,,,,,,,,
49,B,50,R,Y,2/12/20,2/8/20,plover,-,,5/8/2020,1/3,,1/3 yellow,1/3 yellow,,,,9/4/20,big plant,8,,0,,,,,,,,,,,green,1.9,30,green,5.2,27,,,,,,
58,A2,50,R,Y,2/12/20,2/8/20,iris,-,,5/8/2020,,,,,,,,9/4/20,senesced,,,,,,,,,,,,,,,,,,,,,,,,,
69,B,0,R,Y,2/10/20,2/8/20,plover,-,,4/22/2020,1/3,2/3 yellow,2/3 yellow,1/3 yellow,1/3 yellow,1 yellow,1 yellow,9/4/20,big plant,7,,0,,yellow-green,1.5,10,green,1.5,8,green,1,10,green,1.5,8,,,,,,,,,
70,B,1,-,Y,2/10/20,2/8/20,plover,-,,4/22/2020,1/3,1/3 yellow,1/3 yellow,1/3 yellow,1/3 yellow,1 yellow,1 yellow,9/4/20,small plant,3,,,too low in pot - I can't see or measure,,,,,,,,,,,,,,,,,,,,,
73,A2,100,R,Y,2/10/20,2/8/20,iris,-,,4/22/2020,1/3,1/5 yellow,2/5 yellow,"1/6 yellow, 1/6 dead","1/6 yellow, 1/6 dead",1 yellow,1 yellow,9/4/20,senesced,,,,,,,,,,,,,,,,,,,,,,,,,
88,A3,0,R,Y,2/22/20,2/19/20,plover,-,,5/8/2020,,,,,,,,9/4/20,big plant,7,,0,,green,4.6,10,green,4.6,15,green,4.5,17,green,4.5,18,,,,,,,,,
89,B,50,R,Y,2/22/20,2/19/20,plover,-,,5/8/2020,,,,,,,,9/4/20,big plant,7,,0,,dead,na,na,green,3.8,10,green,5,13,green,6.1,10,green,3.7,16,,,,,,
93,A2,50,R,Y,2/25/20,2/19/20,iris,-,,5/8/2020,,,,,,,,9/4/20,big plant,9,,0,,,,,,,,,,,,,,,,,green,2.5,26,,,
130,A3,1,-,Y,did not germinate,2/19/20,iris,-,Yes,1/0/00,,,,,,,,9/4/20,senesced,,,,,,,,,,,,,,,,,,,,,,,,,
132,A3,0,R,Y,2/22/20,2/19/20,iris,-,,5/8/2020,,,,,,,,9/4/20,small plant,4,,0,too low in pot - I can't see or measure,,,,,,,,,,,,,,,,,,,,,
142,A2,100,-,Y,2/12/20,2/8/20,EEM,-,,5/8/2020,,,,,,,,9/4/20,senesced,,,,,,,,,,,,,,,,,,,,,,,,,
166,B,50,-,Y,1/0/00,3/10/20,iris,a+,,added 5/8/20,,,,,,,,9/4/20,big plant,7,,0,,,,,yellow,3,15,yellow,2.4,15,green,1.4,7,,,,,,,,,
171,A3,10,R,Y,1/0/00,3/10/20,EEM,a+,,added 5/8/20,,,,,,,,9/4/20,big plant,7,,0,,,,,,,,,,,green,1.5,13,,,,,,,,,
238,A3,50,-,Y,1/0/00,3/12/20,potting soil,a+,,added 5/8/20,,,,,,,,9/4/20,small plant,6,,0,,yellow,6.1,15,yellow,6,18,yellow-green,3.9,22,,,,,,,,,,,,