date,location,plant_id,height_cm,short_stems,ft_stems,vigor,notes,inflorescences,fruits,avg_height,avg_width,zone
1/16/20,Plover Area,101,86,8,2,1,,,,,,Ridge
1/16/20,Plover Area,102,24,12,3,1,weedy,,,,,Ridge
1/16/20,Plover Area,103,78,2,3,2,predation on weeds,,,,,Slope
1/16/20,Plover Area,104,63,8,2,3,,,,,,Slope
1/16/20,Plover Area,105,16,7,2,2,,,,,,Swale
1/16/20,Plover Area,106,21,8,2,2,,,,,,Swale
1/16/20,Plover Area,107,58,8,3,2,Red tissue growth,,,,,Swale
1/16/20,Plover Area,108,65,12,2,2,,,,,,Slope
1/16/20,Plover Area,109,70,10,2,2,aphids,,,,,Slope
1/16/20,Plover Area,110,69,0,1,3,sumberged,,,,,Swale
1/16/20,Plover Area,111,26,9,4,2,,,,,,Slope
1/16/20,Plover Area,112,69,8,2,2,,,,,,Slope
1/16/20,Plover Area,113,65,9,1,2,,,,,,Slope
1/16/20,Plover Area,114,71,9,2,2,,,,,,Swale
1/16/20,Plover Area,201,59,3,5,2,,,,,,Slope
1/16/20,Plover Area,202,35,6,1,2,,,,,,Slope
1/16/20,Plover Area,203,12,8,3,1,,,,,,Slope
1/16/20,Plover Area,204,14,11,2,2,,,,,,Slope
1/16/20,Plover Area,205,21,0,3,3,burried,,,,,Swale
1/16/20,Plover Area,206,69,7,2,2,,,,,,Slope
1/16/20,Plover Area,207,22,10,2,2,,,,,,Slope
1/16/20,Plover Area,208,11,9,2,2,,,,,,Slope
1/16/20,Plover Area,209,35,10,3,2,,,,,,Slope
1/16/20,Plover Area,210,92,8,1,3,,,,,,Swale
1/16/20,Plover Area,211,44,5,2,3,,,,,,Slope
1/16/20,Plover Area,212,18,9,2,2,,,,,,Slope
1/16/20,Plover Area,213,25,8,4,2,,,,,,Ridge
1/16/20,Plover Area,214,31,2,3,3,,,,,,Slope
1/16/20,Plover Area,215,32,10,2,2,,,,,,Slope
1/16/20,Plover Area,216,38,8,4,2,,,,,,Slope
1/16/20,Plover Area,217,35,9,3,1,,,,,,Ridge
1/16/20,Plover Area,218,22,6,2,3,,,,,,Ridge
1/16/20,Plover Area,219,26,1,2,3,,,,,,Ridge
1/16/20,Plover Area,220,33,9,2,2,,,,,,Ridge
1/16/20,Plover Area,221,28,5,3,2,,,,,,Slope
1/16/20,Plover Area,222,97,10,3,1,,,,,,Ridge
1/16/20,Plover Area,223,39,9,3,2,,,,,,Ridge
1/16/20,Plover Area,224,24,7,2,2,,,,,,Ridge
1/16/20,Plover Area,225,53,7,2,2,,,,,,Ridge
1/16/20,Plover Area,226,56,8,2,2,,,,,,Ridge
1/16/20,Plover Area,301,28,3,4,1,,,,,,Slope
1/16/20,Plover Area,302,48,8,2,2,,,,,,Slope
1/16/20,Plover Area,303,51,4,1,2,,,,,,Ridge
1/16/20,Plover Area,304,24,8,3,1,,,,,,Ridge
1/16/20,Plover Area,305,32,5,3,2,,,,,,Swale
1/16/20,Plover Area,306,22,7,2,2,,,,,,Slope
1/16/20,Plover Area,307,10,7,2,2,,,,,,Swale
1/16/20,Plover Area,308,25,6,3,2,,,,,,Ridge
1/16/20,Plover Area,309,31,7,3,1,,,,,,Ridge
1/16/20,Plover Area,310,8,9,1,2,,,,,,Ridge
1/16/20,Plover Area,311,22,8,2,2,weedy,,,,,Slope
1/16/20,Plover Area,312,14,3,1,3,,,,,,Ridge
1/16/20,Plover Area,313,13,9,2,2,,,,,,Slope
1/16/20,Plover Area,314,24,10,2,2,,,,,,Ridge
1/16/20,Plover Area,315,31,5,3,2,,,,,,Slope
1/16/20,Plover Area,316,42,5,2,3,,,,,,Slope
1/16/20,Plover Area,317,39,8,3,2,,,,,,Ridge
1/16/20,Plover Area,318,36,7,3,3,broken stem,,,,,Ridge
1/16/20,Plover Area,319,42,9,3,3,,,,,,Ridge
1/16/20,Plover Area,320,92,4,1,3,,,,,,Swale
1/16/20,Plover Area,321,17,4,3,3,submerged,,,,,Swale
1/16/20,Plover Area,322,10,3,3,3,,,,,,Slope
1/16/20,Plover Area,323,17,10,1,2,,,,,,Ridge
1/16/20,Plover Area,324,53,2,3,3,,,,,,Ridge
1/16/20,Plover Area,325,16,5,1,3,,,,,,Swale
1/16/20,Plover Area,326,44,3,2,2,,,,,,Ridge
1/16/20,Plover Area,327,73,7,2,2,,,,,,Ridge
1/16/20,Plover Area,328,19,14,1,2,,,,,,Swale
1/16/20,Plover Area,401,46,4,1,2,,,,,,Ridge
1/16/20,Plover Area,402,71,5,2,2,,,,,,Ridge
1/16/20,Plover Area,403,27,6,1,2,,,,,,Slope
1/16/20,Plover Area,404,29,10,3,2,,,,,,Ridge
1/16/20,Plover Area,405,61,0,3,3,,,,,,Swale
1/16/20,Plover Area,406,44,5,3,2,,,,,,Ridge
1/16/20,Plover Area,407,67,11,2,2,,,,,,Ridge
1/16/20,Plover Area,408,24,3,1,2,,,,,,Slope
1/16/20,Plover Area,409,21,6,3,1,,,,,,Slope
1/16/20,Plover Area,410,13,5,2,3,,,,,,Swale
1/16/20,Plover Area,411,18,8,2,3,,,,,,Swale
1/16/20,Plover Area,412,20,11,2,2,,,,,,Slope
1/16/20,Plover Area,413,17,9,2,3,,,,,,Swale
1/16/20,Plover Area,414,14,2,4,3,submerged,,,,,Swale
1/16/20,Plover Area,415,14,5,1,3,,,,,,Swale
1/16/20,Plover Area,416,35,10,1,2,stem broken,,,,,Slope
1/16/20,Plover Area,417,36,0,1,3,submerged,,,,,Swale
1/16/20,Plover Area,418,22,10,3,2,,,,,,Slope
1/16/20,Plover Area,419,14,6,1,3,,,,,,Swale
1/16/20,Plover Area,420,22,11,3,2,weedy,,,,,Slope
1/16/20,Plover Area,421,66,8,2,3,,,,,,Swale
1/16/20,Plover Area,422,50,9,3,2,,,,,,Slope
1/16/20,Plover Area,423,72,6,1,3,,,,,,Swale
1/16/20,Plover Area,424,23,3,3,3,,,,,,Swale
1/16/20,Plover Area,501,20,3,1,2,,,,,,Slope
1/16/20,Plover Area,502,11,10,1,1,stem broken,,,,,Ridge
1/16/20,Plover Area,503,57,5,3,2,,,,,,Slope
1/16/20,Plover Area,504,13,12,2,2,weedy,,,,,Ridge
1/16/20,Plover Area,505,66,7,3,1,,,,,,Slope
1/16/20,Plover Area,506,62,6,2,1,,,,,,Slope
1/16/20,Plover Area,507,41,12,4,2,,,,,,Ridge
1/16/20,Plover Area,508,78,7,2,2,,,,,,Ridge
1/16/20,Plover Area,509,86,10,2,1,,,,,,Slope
1/16/20,Plover Area,510,18,10,2,2,,,,,,Ridge
1/16/20,Plover Area,511,20,11,2,2,,,,,,Slope
1/16/20,Plover Area,512,62,13,2,1,,,,,,Slope
1/16/20,Plover Area,513,13,8,1,2,,,,,,Slope
1/16/20,Plover Area,514,8,0,1,3,,,,,,Swale
1/16/20,Plover Area,515,11,8,3,3,,,,,,Slope
1/16/20,Plover Area,516,47,9,4,2,,,,,,Slope
1/16/20,Plover Area,517,17,9,2,2,weedy,,,,,Slope
1/16/20,Plover Area,518,25,4,2,3,submerged,,,,,Swale
1/16/20,Plover Area,519,19,13,2,2,,,,,,Slope
1/16/20,Plover Area,520,51,13,3,1,weedy,,,,,Slope
1/16/20,Plover Area,521,29,9,2,3,,,,,,Slope
1/16/20,Plover Area,601,38,5,1,3,stem broken,,,,,Slope
1/16/20,Plover Area,602,69,11,2,2,high erosion,,,,,Slope
1/16/20,Plover Area,603,66,5,2,2,,,,,,Slope
1/16/20,Plover Area,604,5,0,1,3,burried,,,,,Slope
1/16/20,Plover Area,605,29,1,3,3,,,,,,Slope
1/16/20,Plover Area,606,75,5,2,2,,,,,,Slope
1/16/20,Plover Area,607,10,0,2,3,burried,,,,,Swale
1/16/20,Plover Area,608,6,0,2,3,burried,,,,,Slope
1/16/20,Plover Area,609,12,8,2,2,,,,,,Slope
1/16/20,Plover Area,610,6,0,3,3,burried,,,,,Slope
1/16/20,Plover Area,611,15,4,2,3,,,,,,Slope
1/16/20,Plover Area,612,21,13,1,2,broken stem,,,,,Ridge
1/16/20,Plover Area,613,42,4,2,2,,,,,,Slope
1/16/20,Plover Area,614,31,9,1,2,,,,,,Slope
1/16/20,Plover Area,615,47,11,3,2,,,,,,Ridge
1/16/20,Plover Area,616,65,8,3,2,,,,,,Slope
1/16/20,Plover Area,617,18,4,2,3,,,,,,Swale
1/16/20,Plover Area,618,38,5,3,2,,,,,,Slope
1/16/20,Plover Area,619,62,1,1,3,,,,,,Swale
1/16/20,Plover Area,620,31,5,1,2,,,,,,Slope
1/16/20,Plover Area,621,42,13,3,2,,,,,,Slope
1/16/20,Plover Area,622,47,8,1,2,,,,,,Slope
1/16/20,Plover Area,623,65,7,1,3,,,,,,Slope
1/16/20,Plover Area,624,28,1,1,3,submerged,,,,,Swale
1/16/20,Plover Area,625,40,6,2,3,,,,,,Slope
1/16/20,Plover Area,626,20,8,3,3,,,,,,Slope
1/16/20,Plover Area,701,13,4,1,2,,,,,,Ridge
1/16/20,Plover Area,702,12,7,2,2,,,,,,Slope
1/16/20,Plover Area,703,22,6,2,2,,,,,,Slope
1/16/20,Plover Area,704,20,6,3,2,,,,,,Slope
1/16/20,Plover Area,705,13,2,3,3,,,,,,Slope
1/16/20,Plover Area,706,31,7,2,2,,,,,,Slope
1/16/20,Plover Area,707,43,10,3,2,,,,,,Slope
1/16/20,Plover Area,708,67,10,2,1,,,,,,Slope
1/16/20,Plover Area,709,5,3,1,3,,,,,,Slope
1/16/20,Plover Area,710,26,10,3,2,,,,,,Ridge
1/16/20,Plover Area,711,25,7,1,3,,,,,,Slope
1/16/20,Plover Area,712,21,8,1,3,,,,,,Slope
1/16/20,Plover Area,713,15,2,1,3,submerged,,,,,Swale
1/16/20,Plover Area,714,9,3,0,3,,,,,,Slope
1/16/20,Plover Area,715,23,11,2,2,,,,,,Slope
1/16/20,Plover Area,716,11,5,2,2,,,,,,Slope
1/16/20,Plover Area,717,12,2,2,3,"submerged, red larvae in water",,,,,Swale
1/16/20,Plover Area,718,27,0,2,3,,,,,,Swale
1/16/20,Plover Area,719,11,8,2,3,,,,,,Slope
1/16/20,Plover Area,720,25,7,2,3,,,,,,Slope
1/16/20,Plover Area,721,42,2,3,3,,,,,,Slope
1/16/20,Plover Area,722,19,2,3,3,,,,,,Slope
1/16/20,Plover Area,723,18,9,1,2,,,,,,Slope
1/16/20,Plover Area,724,7,3,2,3,submerged,,,,,Swale
1/16/20,Plover Area,725,15,4,1,3,submerged,,,,,Swale
1/16/20,Plover Area,726,33,6,2,3,,,,,,Slope
1/16/20,Plover Area,727,23,3,1,3,submerged,,,,,Slope
1/16/20,Plover Area,728,16,6,2,3,submerged,,,,,Slope
1/16/20,Plover Area,801,19,0,2,3,,,,,,Swale
1/16/20,Plover Area,802,31,7,3,2,,,,,,Slope
1/16/20,Plover Area,803,32,11,3,2,,,,,,Slope
1/16/20,Plover Area,804,27,4,2,2,,,,,,Slope
1/16/20,Plover Area,805,91,5,1,2,,,,,,Slope
1/16/20,Plover Area,806,36,12,2,2,,,,,,Slope
1/16/20,Plover Area,807,32,8,3,2,,,,,,Ridge
1/16/20,Plover Area,808,38,5,2,2,broken stem,,,,,Slope
1/16/20,Plover Area,809,22,11,3,2,,,,,,Ridge
1/16/20,Plover Area,810,51,11,1,2,broken stem,,,,,Ridge
1/16/20,Plover Area,811,47,6,4,2,,,,,,Slope
1/16/20,Plover Area,812,48,6,3,2,,,,,,Ridge
1/16/20,Plover Area,813,18,8,2,2,,,,,,Slope
1/16/20,Plover Area,814,22,7,3,2,weedy,,,,,Slope
1/16/20,Plover Area,815,39,6,3,2,,,,,,Slope
1/16/20,Plover Area,816,42,7,1,2,,,,,,Ridge
1/16/20,Plover Area,817,8,7,1,2,weedy,,,,,Slope
1/16/20,Plover Area,818,38,11,3,2,,,,,,Slope
1/16/20,Plover Area,819,24,8,3,2,weedy,,,,,Slope
1/16/20,Plover Area,820,13,8,3,2,,,,,,Slope
1/16/20,Plover Area,821,60,9,3,3,,,,,,Swale
1/16/20,Plover Area,822,11,6,3,3,submerged,,,,,Swale
1/16/20,Plover Area,901,14,4,2,2,high erosion,,,,,Slope
1/16/20,Plover Area,902,10,4,1,2,weedy,,,,,Slope
1/16/20,Plover Area,903,31,7,2,2,,,,,,Slope
1/16/20,Plover Area,904,22,0,1,3,,,,,,Swale
1/16/20,Plover Area,905,83,10,2,1,,,,,,Slope
1/16/20,Plover Area,906,9,0,2,3,,,,,,Swale
1/16/20,Plover Area,907,14,6,3,3,,,,,,Swale
1/16/20,Plover Area,908,22,7,1,3,,,,,,Swale
1/16/20,Plover Area,909,15,12,2,2,broken stem,,,,,Slope
1/16/20,Plover Area,910,67,8,1,1,,,,,,Slope
1/16/20,Plover Area,911,49,11,1,2,,,,,,Slope
1/16/20,Plover Area,912,14,6,3,3,,,,,,Swale
1/16/20,Plover Area,913,36,10,1,2,,,,,,Slope
1/16/20,Plover Area,914,72,9,3,3,,,,,,Slope
1/16/20,Plover Area,1001,29,8,3,3,,,,,,Slope
1/16/20,Plover Area,1002,56,9,2,2,,,,,,Slope
1/16/20,Plover Area,1003,22,6,2,2,,,,,,Slope
1/16/20,Plover Area,1004,67,10,2,2,,,,,,Slope
1/16/20,Plover Area,1005,77,7,2,2,,,,,,Ridge
1/16/20,Plover Area,1006,31,11,2,2,,,,,,Slope
1/16/20,Plover Area,1007,33,8,2,2,,,,,,Ridge
1/16/20,Plover Area,1008,14,8,2,2,,,,,,Slope
1/16/20,Plover Area,1009,16,7,1,3,predation,,,,,Ridge
1/16/20,Plover Area,1010,13,8,1,2,predation,,,,,Slope
1/16/20,Plover Area,1011,57,10,1,2,predation,,,,,Ridge
1/16/20,Plover Area,1012,13,6,2,3,,,,,,Slope
1/16/20,Plover Area,1013,12,10,2,3,,,,,,Ridge
1/16/20,Plover Area,1014,12,5,1,3,predation,,,,,Ridge
1/16/20,Plover Area,1015,6,7,1,3,predation,,,,,Ridge
1/16/20,Plover Area,1016,14,9,3,3,,,,,,Slope
1/16/20,Plover Area,1017,29,8,1,3,predation,,,,,Ridge
1/16/20,Plover Area,1018,71,9,3,3,,,,,,Ridge
1/16/20,Plover Area,1019,74,5,1,3,,,,,,Ridge
1/16/20,Plover Area,1020,13,8,2,3,,,,,,Ridge
1/16/20,EEM Willows,1101,57,5,1,1,predation,,,,,Slope
1/16/20,EEM Willows,1102,81,5,2,1,,,,,,Slope
1/16/20,EEM Willows,1103,23,6,2,1,predation,,,,,Ridge
1/16/20,EEM Willows,1104,19,3,1,2,predation,,,,,Slope
1/16/20,EEM Willows,1105,20,1,1,2,predation,,,,,Slope
1/16/20,EEM Willows,1106,63,5,2,2,,,,,,Ridge
2/21/20,Plover Area,101,76,10+,1,1,,,,,,Ridge
2/21/20,Plover Area,102,34,10+,4,1,,,,,,Ridge
2/21/20,Plover Area,103,77,1,3,3,,,,,,Slope
2/21/20,Plover Area,104,63,10+,3,2,,,,,,Slope
2/21/20,Plover Area,105,19,9,3,3,,,,,,Swale
2/21/20,Plover Area,106,26,10,1,2,,,,,,Swale
2/21/20,Plover Area,107,56,10+,3,2,,,,,,Swale
2/21/20,Plover Area,108,62,10+,2,2,,,,,,Slope
2/21/20,Plover Area,109,59,7,1,2,,,,,,Slope
2/21/20,Plover Area,110,X,X,X,4,,,,,,Swale
2/21/20,Plover Area,111,39,10+,5,2,,,,,,Slope
2/21/20,Plover Area,112,69,10+,3,1,,,,,,Slope
2/21/20,Plover Area,113,61,10+,1,1,,,,,,Slope
2/21/20,Plover Area,114,71,10+,2,2,,,,,,Swale
2/21/20,Plover Area,201,56,4,4,2,,,,,,Slope
2/21/20,Plover Area,202,38,10+,2,1,,,,,,Slope
2/21/20,Plover Area,203,29,10+,4,1,,,,,,Slope
2/21/20,Plover Area,204,16,10+,2,2,,,,,,Slope
2/21/20,Plover Area,205,24,0,4,3,,,,,,Swale
2/21/20,Plover Area,206,72,10+,3,1,,,,,,Slope
2/21/20,Plover Area,207,41,10+,2,2,,,,,,Slope
2/21/20,Plover Area,208,13,10+,2,2,,,,,,Slope
2/21/20,Plover Area,209,37,10+,2,2,,,,,,Slope
2/21/20,Plover Area,210,87,3,1,3,,,,,,Swale
2/21/20,Plover Area,211,44,7,2,2,,,,,,Slope
2/21/20,Plover Area,212,27,10+,2,2,,,,,,Slope
2/21/20,Plover Area,213,37,10+,4,2,,,,,,Ridge
2/21/20,Plover Area,214,22,1,3,3,,,,,,Slope
2/21/20,Plover Area,215,43,10+,2,2,,,,,,Slope
2/21/20,Plover Area,216,39,10+,6,1,,,,,,Slope
2/21/20,Plover Area,217,49,10+,4,1,,,,,,Ridge
2/21/20,Plover Area,218,13,10+,1,2,,,,,,Ridge
2/21/20,Plover Area,219,43,0,3,3,,,,,,Ridge
2/21/20,Plover Area,220,28,9,2,1,,,,,,Ridge
2/21/20,Plover Area,221,35,10+,5,1,,,,,,Slope
2/21/20,Plover Area,222,93,10+,3,1,,,,,,Ridge
2/21/20,Plover Area,223,34,8,3,2,,,,,,Ridge
2/21/20,Plover Area,224,34,8,2,2,,,,,,Ridge
2/21/20,Plover Area,225,73,6,2,2,,,,,,Ridge
2/21/20,Plover Area,226,56,10+,3,2,,,,,,Ridge
2/21/20,Plover Area,301,38,10+,4,2,,,,,,Slope
2/21/20,Plover Area,302,51,10+,2,1,,,,,,Slope
2/21/20,Plover Area,303,48,11,1,1,,,,,,Ridge
2/21/20,Plover Area,304,25,10+,3,1,,,,,,Ridge
2/21/20,Plover Area,305,33,10+,2,1,,,,,,Swale
2/21/20,Plover Area,306,25,8,3,1,,,,,,Slope
2/21/20,Plover Area,307,19,10+,2,2,,,,,,Swale
2/21/20,Plover Area,308,29,10+,2,1,,,,,,Ridge
2/21/20,Plover Area,309,52,10+,3,1,,,,,,Ridge
2/21/20,Plover Area,310,25,10+,2,1,,,,,,Ridge
2/21/20,Plover Area,311,23,10+,2,1,,,,,,Slope
2/21/20,Plover Area,312,16,7,1,2,,,,,,Ridge
2/21/20,Plover Area,313,22,10+,2,1,,,,,,Slope
2/21/20,Plover Area,314,26,10+,4,1,,,,,,Ridge
2/21/20,Plover Area,315,26,8,2,2,,,,,,Slope
2/21/20,Plover Area,316,52,6,2,6,,,,,,Slope
2/21/20,Plover Area,317,43,10+,3,1,,,,,,Ridge
2/21/20,Plover Area,318,39,6,4,1,,,,,,Ridge
2/21/20,Plover Area,319,51,9,2,2,,,,,,Ridge
2/21/20,Plover Area,320,84,6,1,3,,,,,,Swale
2/21/20,Plover Area,321,X,X,X,4,,,,,,Swale
2/21/20,Plover Area,322,13,3,4,2,,,,,,Slope
2/21/20,Plover Area,323,14,9,1,1,,,,,,Ridge
2/21/20,Plover Area,324,56,1,3,3,,,,,,Ridge
2/21/20,Plover Area,325,30,4,1,3,,,,,,Swale
2/21/20,Plover Area,326,42,2,2,3,,,,,,Ridge
2/21/20,Plover Area,327,73,10+,2,2,,,,,,Ridge
2/21/20,Plover Area,328,17,12,1,1,,,,,,Swale
2/21/20,Plover Area,401,50,7,3,1,,,,,,Ridge
2/21/20,Plover Area,402,72,8,2,1,spider webs,,,,,Ridge
2/21/20,Plover Area,403,26,13,2,1,,,,,,Slope
2/21/20,Plover Area,404,36,9,4,1,,,,,,Ridge
2/21/20,Plover Area,405,61,0,3,3,,,,,,Swale
2/21/20,Plover Area,406,55,7,4,1,,,,,,Ridge
2/21/20,Plover Area,407,62,5,6,1,,,,,,Ridge
2/21/20,Plover Area,408,27,7,2,1,,,,,,Slope
2/21/20,Plover Area,409,26,10+,4,1,,,,,,Slope
2/21/20,Plover Area,410,19,7,3,2,,,,,,Swale
2/21/20,Plover Area,411,22,6,2,2,,,,,,Swale
2/21/20,Plover Area,412,21,10+,2,1,,,,,,Slope
2/21/20,Plover Area,413,17,10+,2,2,,,,,,Swale
2/21/20,Plover Area,414,12,3,4,3,,,,,,Swale
2/21/20,Plover Area,415,17,8,1,2,,,,,,Swale
2/21/20,Plover Area,416,43,10+,2,1,,,,,,Slope
2/21/20,Plover Area,417,32,0,1,3,,,,,,Swale
2/21/20,Plover Area,418,49,10+,5,1,,,,,,Slope
2/21/20,Plover Area,419,13,8,1,2,,,,,,Swale
2/21/20,Plover Area,420,26,7,4,1,,,,,,Slope
2/21/20,Plover Area,421,61,7,2,2,,,,,,Swale
2/21/20,Plover Area,422,49,10+,3,2,,,,,,Slope
2/21/20,Plover Area,423,66,10+,1,2,,,,,,Swale
2/21/20,Plover Area,424,23,4,2,2,,,,,,Swale
2/21/20,Plover Area,501,17,5,1,2,,,,,,Slope
2/21/20,Plover Area,502,27,6,3,1,,,,,,Ridge
2/21/20,Plover Area,503,55,7,3,2,,,,,,Slope
2/21/20,Plover Area,504,25,6,6,1,,,,,,Ridge
2/21/20,Plover Area,505,63,10+,6,1,,,,,,Slope
2/21/20,Plover Area,506,61,11,2,1,,,,,,Slope
2/21/20,Plover Area,507,48,5,9,1,,,,,,Ridge
2/21/20,Plover Area,508,79,6,5,1,,,,,,Ridge
2/21/20,Plover Area,509,83,8,3,1,,,,,,Slope
2/21/20,Plover Area,510,17,10+,2,1,,,,,,Ridge
2/21/20,Plover Area,511,21,10+,1,1,,,,,,Slope
2/21/20,Plover Area,512,65,7,4,1,,,,,,Slope
2/21/20,Plover Area,513,28,6,4,1,,,,,,Slope
2/21/20,Plover Area,514,X,X,X,4,,,,,,Swale
2/21/20,Plover Area,515,16,10+,3,1,,,,,,Slope
2/21/20,Plover Area,516,63,10+,3,1,,,,,,Slope
2/21/20,Plover Area,517,23,13,1,1,,,,,,Slope
2/21/20,Plover Area,518,22,7,2,3,,,,,,Swale
2/21/20,Plover Area,519,23,10+,2,1,,,,,,Slope
2/21/20,Plover Area,520,54,10+,4,1,,,,,,Slope
2/21/20,Plover Area,521,26,9,2,2,,,,,,Slope
2/21/20,Plover Area,601,28,10+,1,1,,,,,,Slope
2/21/20,Plover Area,602,70,8,6,1,,,,,,Slope
2/21/20,Plover Area,603,65,7,4,1,,,,,,Slope
2/21/20,Plover Area,604,X,X,X,4,burried,,,,,Slope
2/21/20,Plover Area,605,32,0,4,3,,,,,,Slope
2/21/20,Plover Area,606,73,6,5,1,,,,,,Slope
2/21/20,Plover Area,607,X,X,X,4,burried,,,,,Swale
2/21/20,Plover Area,608,X,X,X,4,burried,,,,,Slope
2/21/20,Plover Area,609,25,12,3,1,,,,,,Slope
2/21/20,Plover Area,610,X,X,X,4,burried,,,,,Slope
2/21/20,Plover Area,611,19,8,2,2,,,,,,Slope
2/21/20,Plover Area,612,29,6,5,1,,,,,,Ridge
2/21/20,Plover Area,613,43,7,3,2,,,,,,Slope
2/21/20,Plover Area,614,33,8,7,1,,,,,,Slope
2/21/20,Plover Area,615,51,8,3,1,,,,,,Ridge
2/21/20,Plover Area,616,67,6,4,1,,,,,,Slope
2/21/20,Plover Area,617,21,9,2,2,,,,,,Swale
2/21/20,Plover Area,618,51,9,3,1,,,,,,Slope
2/21/20,Plover Area,619,43,0,1,3,,,,,,Swale
2/21/20,Plover Area,620,39,7,1,2,,,,,,Slope
2/21/20,Plover Area,621,23,8,3,1,,,,,,Slope
2/21/20,Plover Area,622,49,9,1,2,,,,,,Slope
2/21/20,Plover Area,623,61,6,1,2,,,,,,Slope
2/21/20,Plover Area,624,X,X,X,4,,,,,,Swale
2/21/20,Plover Area,625,48,10+,2,2,,,,,,Slope
2/21/20,Plover Area,626,25,6,3,2,,,,,,Slope
2/21/20,Plover Area,701,20,4,2,2,,,,,,Ridge
2/21/20,Plover Area,702,27,11,4,1,,,,,,Slope
2/21/20,Plover Area,703,24,10+,2,1,,,,,,Slope
2/21/20,Plover Area,704,27,10+,4,1,,,,,,Slope
2/21/20,Plover Area,705,20,8,3,2,,,,,,Slope
2/21/20,Plover Area,706,48,6,5,1,,,,,,Slope
2/21/20,Plover Area,707,49,10+,4,1,,,,,,Slope
2/21/20,Plover Area,708,63,10+,4,1,,,,,,Slope
2/21/20,Plover Area,709,10,5,1,2,,,,,,Slope
2/21/20,Plover Area,710,33,10+,3,1,,,,,,Ridge
2/21/20,Plover Area,711,29,10+,1,2,,,,,,Slope
2/21/20,Plover Area,712,22,8,1,1,,,,,,Slope
2/21/20,Plover Area,713,X,X,X,4,,,,,,Swale
2/21/20,Plover Area,714,11,5,0,2,,,,,,Slope
2/21/20,Plover Area,715,28,10+,2,1,,,,,,Slope
2/21/20,Plover Area,716,18,6,2,2,,,,,,Slope
2/21/20,Plover Area,717,X,X,X,4,,,,,,Swale
2/21/20,Plover Area,718,X,X,X,4,,,,,,Swale
2/21/20,Plover Area,719,21,10+,3,1,,,,,,Slope
2/21/20,Plover Area,720,43,10+,2,1,,,,,,Slope
2/21/20,Plover Area,721,38,2,3,3,,,,,,Slope
2/21/20,Plover Area,722,15,8,3,2,,,,,,Slope
2/21/20,Plover Area,723,21,10+,2,1,,,,,,Slope
2/21/20,Plover Area,724,X,X,X,4,,,,,,Swale
2/21/20,Plover Area,725,X,X,X,4,,,,,,Swale
2/21/20,Plover Area,726,30,10+,2,2,,,,,,Slope
2/21/20,Plover Area,727,X,X,X,4,,,,,,Slope
2/21/20,Plover Area,728,X,X,X,4,,,,,,Slope
2/21/20,Plover Area,801,19,0,1,3,,,,,,Swale
2/21/20,Plover Area,802,24,6,7,1,,,,,,Slope
2/21/20,Plover Area,803,25,10+,3,1,,,,,,Slope
2/21/20,Plover Area,804,24,12,3,1,,,,,,Slope
2/21/20,Plover Area,805,94,4,6,1,,,,,,Slope
2/21/20,Plover Area,806,41,10+,10,1,,,,,,Slope
2/21/20,Plover Area,807,39,10+,6,1,,,,,,Ridge
2/21/20,Plover Area,808,41,10+,3,1,,,,,,Slope
2/21/20,Plover Area,809,34,8,9,1,,,,,,Ridge
2/21/20,Plover Area,810,43,10+,7,1,,,,,,Ridge
2/21/20,Plover Area,811,49,10+,3,1,,,,,,Slope
2/21/20,Plover Area,812,52,7,3,1,,,,,,Ridge
2/21/20,Plover Area,813,26,10+,3,1,,,,,,Slope
2/21/20,Plover Area,814,24,10+,3,1,,,,,,Slope
2/21/20,Plover Area,815,39,8,3,1,,,,,,Slope
2/21/20,Plover Area,816,43,10+,1,1,,,,,,Ridge
2/21/20,Plover Area,817,22,8,1,1,,,,,,Slope
2/21/20,Plover Area,818,44,8,2,1,,,,,,Slope
2/21/20,Plover Area,819,58,10+,3,1,,,,,,Slope
2/21/20,Plover Area,820,21,10+,3,1,,,,,,Slope
2/21/20,Plover Area,821,74,6,3,3,,,,,,Swale
2/21/20,Plover Area,822,X,X,X,4,,,,,,Swale
2/21/20,Plover Area,901,34,8,1,1,,,,,,Slope
2/21/20,Plover Area,902,11,5,1,1,,,,,,Slope
2/21/20,Plover Area,903,38,6,2,1,,,,,,Slope
2/21/20,Plover Area,904,X,X,X,4,submerged,,,,,Swale
2/21/20,Plover Area,905,81,10+,1,1,,,,,,Slope
2/21/20,Plover Area,906,X,X,X,4,submerged,,,,,Swale
2/21/20,Plover Area,907,X,X,X,4,submerged,,,,,Swale
2/21/20,Plover Area,908,22,6,3,1,,,,,,Swale
2/21/20,Plover Area,909,37,10+,3,1,,,,,,Slope
2/21/20,Plover Area,910,70,10+,1,1,,,,,,Slope
2/21/20,Plover Area,911,55,7,2,1,,,,,,Slope
2/21/20,Plover Area,912,13,6,3,1,,,,,,Swale
2/21/20,Plover Area,913,49,10,1,1,,,,,,Slope
2/21/20,Plover Area,914,71,8,2,1,,,,,,Slope
2/21/20,Plover Area,1001,37,10+,5,1,,,,,,Slope
2/21/20,Plover Area,1002,62,10+,3,1,,,,,,Slope
2/21/20,Plover Area,1003,15,10+,2,1,,,,,,Slope
2/21/20,Plover Area,1004,81,10+,2,1,,,,,,Slope
2/21/20,Plover Area,1005,71,10+,6,1,,,,,,Ridge
2/21/20,Plover Area,1006,48,10+,2,1,,,,,,Slope
2/21/20,Plover Area,1007,31,10+,2,1,,,,,,Ridge
2/21/20,Plover Area,1008,27,10+,2,1,,,,,,Slope
2/21/20,Plover Area,1009,11,10+,1,1,,,,,,Ridge
2/21/20,Plover Area,1010,22,10+,1,1,,,,,,Slope
2/21/20,Plover Area,1011,54,10+,1,1,,,,,,Ridge
2/21/20,Plover Area,1012,13,8,2,1,,,,,,Slope
2/21/20,Plover Area,1013,12,10+,2,1,,,,,,Ridge
2/21/20,Plover Area,1014,12,7,1,1,,,,,,Ridge
2/21/20,Plover Area,1015,13,8,1,1,,,,,,Ridge
2/21/20,Plover Area,1016,13,8,3,1,,,,,,Slope
2/21/20,Plover Area,1017,21,6,1,1,,,,,,Ridge
2/21/20,Plover Area,1018,69,3,1,1,,,,,,Ridge
2/21/20,Plover Area,1019,73,8,3,1,,,,,,Ridge
2/21/20,Plover Area,1020,8,8,1,1,,,,,,Ridge
2/21/20,EEM Willows,1101,62,10+,1,2,major herbivory,,,,,Slope
2/21/20,EEM Willows,1102,74,6,1,2,major herbivory,,,,,Slope
2/21/20,EEM Willows,1103,28,6,2,2,major herbivory,,,,,Ridge
2/21/20,EEM Willows,1104,31,5,1,2,major herbivory,,,,,Slope
2/21/20,EEM Willows,1105,21,1,1,2,major herbivory,,,,,Slope
2/21/20,EEM Willows,1106,67,7,1,2,major herbivory,,,,,Ridge
Apr-20,Plover Area,101,,,,2,,,,,,Ridge
Apr-20,Plover Area,102,,,,1,,,,,,Ridge
Apr-20,Plover Area,103,,,,2,,,,,,Slope
Apr-20,Plover Area,104,,,,2,,,,,,Slope
Apr-20,Plover Area,105,,,,3,flooded/buried,,,,,Swale
Apr-20,Plover Area,106,,,,2,,,,,,Swale
Apr-20,Plover Area,107,,,,1,,,,,,Swale
Apr-20,Plover Area,108,,,,3,flooded/buried,,,,,Slope
Apr-20,Plover Area,109,,,,2,,,,,,Slope
Apr-20,Plover Area,110,,,,4,flooded/buried,,,,,Swale
Apr-20,Plover Area,111,,,,1,,,,,,Slope
Apr-20,Plover Area,112,,,,1,,,,,,Slope
Apr-20,Plover Area,113,,,,1,,,,,,Slope
Apr-20,Plover Area,114,,,,2,,,,,,Swale
Apr-20,Plover Area,201,,,,1,,,,,,Slope
Apr-20,Plover Area,202,,,,1,,,,,,Slope
Apr-20,Plover Area,203,,,,1,,,,,,Slope
Apr-20,Plover Area,204,,,,1,,,,,,Slope
Apr-20,Plover Area,205,,,,1,,,,,,Swale
Apr-20,Plover Area,206,,,,1,,,,,,Slope
Apr-20,Plover Area,207,,,,1,,,,,,Slope
Apr-20,Plover Area,208,,,,1,,,,,,Slope
Apr-20,Plover Area,209,,,,1,,,,,,Slope
Apr-20,Plover Area,210,,,,4,flooded/buried,,,,,Swale
Apr-20,Plover Area,211,,,,3,flooded/buried,,,,,Slope
Apr-20,Plover Area,212,,,,1,,,,,,Slope
Apr-20,Plover Area,213,,,,2,,,,,,Ridge
Apr-20,Plover Area,214,,,,4,flooded/buried,,,,,Slope
Apr-20,Plover Area,215,,,,1,,,,,,Slope
Apr-20,Plover Area,216,,,,1,,,,,,Slope
Apr-20,Plover Area,217,,,,1,,,,,,Ridge
Apr-20,Plover Area,218,,,,1,,,,,,Ridge
Apr-20,Plover Area,219,,,,4,,,,,,Ridge
Apr-20,Plover Area,220,,,,1,,,,,,Ridge
Apr-20,Plover Area,221,,,,1,,,,,,Slope
Apr-20,Plover Area,222,,,,1,,,,,,Ridge
Apr-20,Plover Area,223,,,,1,,,,,,Ridge
Apr-20,Plover Area,224,,,,1,,,,,,Ridge
Apr-20,Plover Area,225,,,,2,,,,,,Ridge
Apr-20,Plover Area,226,,,,1,,,,,,Ridge
Apr-20,Plover Area,301,,,,1,,,,,,Slope
Apr-20,Plover Area,302,,,,1,,,,,,Slope
Apr-20,Plover Area,303,,,,1,,,,,,Ridge
Apr-20,Plover Area,304,,,,1,,,,,,Ridge
Apr-20,Plover Area,305,,,,1,Resprouting ,,,,,Swale
Apr-20,Plover Area,306,,,,1,,,,,,Slope
Apr-20,Plover Area,307,,,,1,Resprouting,,,,,Swale
Apr-20,Plover Area,308,,,,1,,,,,,Ridge
Apr-20,Plover Area,309,,,,1,Resprouting ,,,,,Ridge
Apr-20,Plover Area,310,,,,1,,,,,,Ridge
Apr-20,Plover Area,311,,,,1,,,,,,Slope
Apr-20,Plover Area,312,,,,1,,,,,,Ridge
Apr-20,Plover Area,313,,,,1,,,,,,Slope
Apr-20,Plover Area,314,,,,1,,,,,,Ridge
Apr-20,Plover Area,315,,,,1,,,,,,Slope
Apr-20,Plover Area,316,,,,2,,,,,,Slope
Apr-20,Plover Area,317,,,,1,,,,,,Ridge
Apr-20,Plover Area,318,,,,1,,,,,,Ridge
Apr-20,Plover Area,319,,,,1,,,,,,Ridge
Apr-20,Plover Area,320,,,,3,Buried/resprouting,,,,,Swale
Apr-20,Plover Area,321,,,,4,,,,,,Swale
Apr-20,Plover Area,322,,,,2,,,,,,Slope
Apr-20,Plover Area,323,,,,1,,,,,,Ridge
Apr-20,Plover Area,324,,,,4,,,,,,Ridge
Apr-20,Plover Area,325,,,,3,Resprouting,,,,,Swale
Apr-20,Plover Area,326,,,,3,Resprouting,,,,,Ridge
Apr-20,Plover Area,327,,,,1,,,,,,Ridge
Apr-20,Plover Area,328,,,,1,,,,,,Swale
Apr-20,Plover Area,401,,,,1,,,,,,Ridge
Apr-20,Plover Area,402,,,,1,,,,,,Ridge
Apr-20,Plover Area,403,,,,1,,,,,,Slope
Apr-20,Plover Area,404,,,,1,,,,,,Ridge
Apr-20,Plover Area,405,,,,4,buried,,,,,Swale
Apr-20,Plover Area,406,,,,1,,,,,,Ridge
Apr-20,Plover Area,407,,,,1,,,,,,Ridge
Apr-20,Plover Area,408,,,,1,,,,,,Slope
Apr-20,Plover Area,409,,,,1,,,,,,Slope
Apr-20,Plover Area,410,,,,3,Buried,,,,,Swale
Apr-20,Plover Area,411,,,,3,,,,,,Swale
Apr-20,Plover Area,412,,,,1,,,,,,Slope
Apr-20,Plover Area,413,,,,2,Resprouting ,,,,,Swale
Apr-20,Plover Area,414,,,,4,Buried ,,,,,Swale
Apr-20,Plover Area,415,,,,3,Buried,,,,,Swale
Apr-20,Plover Area,416,,,,1,,,,,,Slope
Apr-20,Plover Area,417,,,,4,Buried,,,,,Swale
Apr-20,Plover Area,418,,,,1,,,,,,Slope
Apr-20,Plover Area,419,,,,4,Buried,,,,,Swale
Apr-20,Plover Area,420,,,,1,,,,,,Slope
Apr-20,Plover Area,421,,,,2,Buried,,,,,Swale
Apr-20,Plover Area,422,,,,1,,,,,,Slope
Apr-20,Plover Area,423,,,,2,Buried,,,,,Swale
Apr-20,Plover Area,424,,,,2,,,,,,Swale
Apr-20,Plover Area,501,,,,1,,,,,,Slope
Apr-20,Plover Area,502,,,,1,,,,,,Ridge
Apr-20,Plover Area,503,,,,1,,,,,,Slope
Apr-20,Plover Area,504,,,,1,,,,,,Ridge
Apr-20,Plover Area,505,,,,1,,,,,,Slope
Apr-20,Plover Area,506,,,,1,,,,,,Slope
Apr-20,Plover Area,507,,,,1,,,,,,Ridge
Apr-20,Plover Area,508,,,,1,,,,,,Ridge
Apr-20,Plover Area,509,,,,1,,,,,,Slope
Apr-20,Plover Area,510,,,,1,,,,,,Ridge
Apr-20,Plover Area,511,,,,1,,,,,,Slope
Apr-20,Plover Area,512,,,,1,,,,,,Slope
Apr-20,Plover Area,513,,,,1,,,,,,Slope
Apr-20,Plover Area,514,,,,4,,,,,,Swale
Apr-20,Plover Area,515,,,,1,,,,,,Slope
Apr-20,Plover Area,516,,,,1,,,,,,Slope
Apr-20,Plover Area,517,,,,1,,,,,,Slope
Apr-20,Plover Area,518,,,,4,,,,,,Swale
Apr-20,Plover Area,519,,,,1,,,,,,Slope
Apr-20,Plover Area,520,,,,1,,,,,,Slope
Apr-20,Plover Area,521,,,,1,,,,,,Slope
Apr-20,Plover Area,601,,,,1,,,,,,Slope
Apr-20,Plover Area,602,,,,1,,,,,,Slope
Apr-20,Plover Area,603,,,,1,,,,,,Slope
Apr-20,Plover Area,604,,,,4,buried,,,,,Slope
Apr-20,Plover Area,605,,,,4,Buried,,,,,Slope
Apr-20,Plover Area,606,,,,1,,,,,,Slope
Apr-20,Plover Area,607,,,,4,Buried,,,,,Swale
Apr-20,Plover Area,608,,,,4,Buried,,,,,Slope
Apr-20,Plover Area,609,,,,1,,,,,,Slope
Apr-20,Plover Area,610,,,,4,,,,,,Slope
Apr-20,Plover Area,611,,,,1,,,,,,Slope
Apr-20,Plover Area,612,,,,1,,,,,,Ridge
Apr-20,Plover Area,613,,,,2,,,,,,Slope
Apr-20,Plover Area,614,,,,1,,,,,,Slope
Apr-20,Plover Area,615,,,,1,,,,,,Ridge
Apr-20,Plover Area,616,,,,1,,,,,,Slope
Apr-20,Plover Area,617,,,,2,,,,,,Swale
Apr-20,Plover Area,618,,,,1,,,,,,Slope
Apr-20,Plover Area,619,,,,4,,,,,,Swale
Apr-20,Plover Area,620,,,,1,,,,,,Slope
Apr-20,Plover Area,621,,,,1,,,,,,Slope
Apr-20,Plover Area,622,,,,2,,,,,,Slope
Apr-20,Plover Area,623,,,,1,,,,,,Slope
Apr-20,Plover Area,624,,,,4,,,,,,Swale
Apr-20,Plover Area,625,,,,2,,,,,,Slope
Apr-20,Plover Area,626,,,,2,,,,,,Slope
Apr-20,Plover Area,701,,,,1,,,,,,Ridge
Apr-20,Plover Area,702,,,,1,,,,,,Slope
Apr-20,Plover Area,703,,,,1,,,,,,Slope
Apr-20,Plover Area,704,,,,1,,,,,,Slope
Apr-20,Plover Area,705,,,,1,,,,,,Slope
Apr-20,Plover Area,706,,,,1,,,,,,Slope
Apr-20,Plover Area,707,,,,1,,,,,,Slope
Apr-20,Plover Area,708,,,,1,,,,,,Slope
Apr-20,Plover Area,709,,,,4,,,,,,Slope
Apr-20,Plover Area,710,,,,1,,,,,,Ridge
Apr-20,Plover Area,711,,,,2,,,,,,Slope
Apr-20,Plover Area,712,,,,1,,,,,,Slope
Apr-20,Plover Area,713,,,,4,,,,,,Swale
Apr-20,Plover Area,714,,,,2,,,,,,Slope
Apr-20,Plover Area,715,,,,1,,,,,,Slope
Apr-20,Plover Area,716,,,,1,,,,,,Slope
Apr-20,Plover Area,717,,,,4,,,,,,Swale
Apr-20,Plover Area,718,,,,4,,,,,,Swale
Apr-20,Plover Area,719,,,,1,,,,,,Slope
Apr-20,Plover Area,720,,,,1,,,,,,Slope
Apr-20,Plover Area,721,,,,4,,,,,,Slope
Apr-20,Plover Area,722,,,,2,,,,,,Slope
Apr-20,Plover Area,723,,,,1,,,,,,Slope
Apr-20,Plover Area,724,,,,4,,,,,,Swale
Apr-20,Plover Area,725,,,,4,,,,,,Swale
Apr-20,Plover Area,726,,,,2,,,,,,Slope
Apr-20,Plover Area,727,,,,4,,,,,,Slope
Apr-20,Plover Area,728,,,,4,,,,,,Slope
Apr-20,Plover Area,801,,,,2,,,,,,Swale
Apr-20,Plover Area,802,,,,1,,,,,,Slope
Apr-20,Plover Area,803,,,,1,,,,,,Slope
Apr-20,Plover Area,804,,,,1,,,,,,Slope
Apr-20,Plover Area,805,,,,1,,,,,,Slope
Apr-20,Plover Area,806,,,,1,,,,,,Slope
Apr-20,Plover Area,807,,,,1,,,,,,Ridge
Apr-20,Plover Area,808,,,,1,,,,,,Slope
Apr-20,Plover Area,809,,,,1,,,,,,Ridge
Apr-20,Plover Area,810,,,,1,,,,,,Ridge
Apr-20,Plover Area,811,,,,1,,,,,,Slope
Apr-20,Plover Area,812,,,,1,,,,,,Ridge
Apr-20,Plover Area,813,,,,1,,,,,,Slope
Apr-20,Plover Area,814,,,,1,,,,,,Slope
Apr-20,Plover Area,815,,,,1,,,,,,Slope
Apr-20,Plover Area,816,,,,1,,,,,,Ridge
Apr-20,Plover Area,817,,,,1,,,,,,Slope
Apr-20,Plover Area,818,,,,1,,,,,,Slope
Apr-20,Plover Area,819,,,,1,,,,,,Slope
Apr-20,Plover Area,820,,,,1,,,,,,Slope
Apr-20,Plover Area,821,,,,2,,,,,,Swale
Apr-20,Plover Area,822,,,,4,,,,,,Swale
Apr-20,Plover Area,901,,,,1,,,,,,Slope
Apr-20,Plover Area,902,,,,1,,,,,,Slope
Apr-20,Plover Area,903,,,,1,,,,,,Slope
Apr-20,Plover Area,904,,,,1,,,,,,Swale
Apr-20,Plover Area,905,,,,4,,,,,,Slope
Apr-20,Plover Area,906,,,,1,,,,,,Swale
Apr-20,Plover Area,907,,,,4,,,,,,Swale
Apr-20,Plover Area,908,,,,2,,,,,,Swale
Apr-20,Plover Area,909,,,,1,,,,,,Slope
Apr-20,Plover Area,910,,,,1,,,,,,Slope
Apr-20,Plover Area,911,,,,2,,,,,,Slope
Apr-20,Plover Area,912,,,,2,,,,,,Swale
Apr-20,Plover Area,913,,,,1,,,,,,Slope
Apr-20,Plover Area,914,,,,1,,,,,,Slope
Apr-20,Plover Area,1001,,,,1,,,,,,Slope
Apr-20,Plover Area,1002,,,,1,,,,,,Slope
Apr-20,Plover Area,1003,,,,1,,,,,,Slope
Apr-20,Plover Area,1004,,,,1,,,,,,Slope
Apr-20,Plover Area,1005,,,,1,,,,,,Ridge
Apr-20,Plover Area,1006,,,,1,,,,,,Slope
Apr-20,Plover Area,1007,,,,1,,,,,,Ridge
Apr-20,Plover Area,1008,,,,2,,,,,,Slope
Apr-20,Plover Area,1009,,,,2,,,,,,Ridge
Apr-20,Plover Area,1010,,,,1,,,,,,Slope
Apr-20,Plover Area,1011,,,,1,,,,,,Ridge
Apr-20,Plover Area,1012,,,,1,,,,,,Slope
Apr-20,Plover Area,1013,,,,2,,,,,,Ridge
Apr-20,Plover Area,1014,,,,2,,,,,,Ridge
Apr-20,Plover Area,1015,,,,2,,,,,,Ridge
Apr-20,Plover Area,1016,,,,2,,,,,,Slope
Apr-20,Plover Area,1017,,,,2,,,,,,Ridge
Apr-20,Plover Area,1018,,,,2,,,,,,Ridge
Apr-20,Plover Area,1019,,,,3,,,,,,Ridge
Apr-20,Plover Area,1020,,,,2,,,,,,Ridge
Apr-20,EEM Willows,1101,,,,1,,,,,,Slope
Apr-20,EEM Willows,1102,,,,1,,,,,,Slope
Apr-20,EEM Willows,1103,,,,1,,,,,,Ridge
Apr-20,EEM Willows,1104,,,,1,,,,,,Slope
Apr-20,EEM Willows,1105,,,,3,heavy predation,,,,,Slope
Apr-20,EEM Willows,1106,,,,1,,,,,,Ridge
May-20,Plover Area,101,,,,2,Sprayed with Neem 4 tbsp/gal 5/27,,,,,Ridge
May-20,Plover Area,102,,,,1,,,,,,Ridge
May-20,Plover Area,103,,,,1,,,,,,Slope
May-20,Plover Area,104,,,,2,,,,,,Slope
May-20,Plover Area,105,,,,4,flooded/buried,,,,,Swale
May-20,Plover Area,106,,,,2,,,,,,Swale
May-20,Plover Area,107,,,,1,,,,,,Swale
May-20,Plover Area,108,,,,3,flooded/buried,,,,,Slope
May-20,Plover Area,109,,,,1,,,,,,Slope
May-20,Plover Area,110,,,,4,flooded/buried,,,,,Swale
May-20,Plover Area,111,,,,1,,,,,,Slope
May-20,Plover Area,112,,,,1,,,,,,Slope
May-20,Plover Area,113,,,,1,,,,,,Slope
May-20,Plover Area,114,,,,1,,,,,,Swale
May-20,Plover Area,201,,,,1,,,,,,Slope
May-20,Plover Area,202,,,,2,Sprayed with Neem 4 tbsp/gal 5/27,,,,,Slope
May-20,Plover Area,203,,,,1,,,,,,Slope
May-20,Plover Area,204,,,,1,,,,,,Slope
May-20,Plover Area,205,,,,4,,,,,,Swale
May-20,Plover Area,206,,,,1,,,,,,Slope
May-20,Plover Area,207,,,,1,,,,,,Slope
May-20,Plover Area,208,,,,1,Sprayed with Neem 4 tbsp/gal 5/27,,,,,Slope
May-20,Plover Area,209,,,,1,,,,,,Slope
May-20,Plover Area,210,,,,4,flooded/buried,,,,,Swale
May-20,Plover Area,211,,,,3,flooded/buried,,,,,Slope
May-20,Plover Area,212,,,,1,,,,,,Slope
May-20,Plover Area,213,,,,2,,,,,,Ridge
May-20,Plover Area,214,,,,4,flooded/buried,,,,,Slope
May-20,Plover Area,215,,,,1,,,,,,Slope
May-20,Plover Area,216,,,,1,,,,,,Slope
May-20,Plover Area,217,,,,1,,,,,,Ridge
May-20,Plover Area,218,,,,1,,,,,,Ridge
May-20,Plover Area,219,,,,4,,,,,,Ridge
May-20,Plover Area,220,,,,1,,,,,,Ridge
May-20,Plover Area,221,,,,1,,,,,,Slope
May-20,Plover Area,222,,,,1,,,,,,Ridge
May-20,Plover Area,223,,,,1,,,,,,Ridge
May-20,Plover Area,224,,,,1,,,,,,Ridge
May-20,Plover Area,225,,,,2,,,,,,Ridge
May-20,Plover Area,226,,,,1,,,,,,Ridge
May-20,Plover Area,301,,,,1,,,,,,Slope
May-20,Plover Area,302,,,,1,,,,,,Slope
May-20,Plover Area,303,,,,1,,,,,,Ridge
May-20,Plover Area,304,,,,1,,,,,,Ridge
May-20,Plover Area,305,,,,1,Resprouting ,,,,,Swale
May-20,Plover Area,306,,,,1,,,,,,Slope
May-20,Plover Area,307,,,,1,Resprouting,,,,,Swale
May-20,Plover Area,308,,,,1,,,,,,Ridge
May-20,Plover Area,309,,,,1,Resprouting ,,,,,Ridge
May-20,Plover Area,310,,,,1,,,,,,Ridge
May-20,Plover Area,311,,,,1,,,,,,Slope
May-20,Plover Area,312,,,,1,Sprayed with Neem 4 tbsp/gal 5/27,,,,,Ridge
May-20,Plover Area,313,,,,1,,,,,,Slope
May-20,Plover Area,314,,,,1,,,,,,Ridge
May-20,Plover Area,315,,,,1,,,,,,Slope
May-20,Plover Area,316,,,,2,Sprayed with Neem 4 tbsp/gal 5/27,,,,,Slope
May-20,Plover Area,317,,,,2,Sprayed with Neem 4 tbsp/gal 5/27,,,,,Ridge
May-20,Plover Area,318,,,,1,,,,,,Ridge
May-20,Plover Area,319,,,,1,,,,,,Ridge
May-20,Plover Area,320,,,,3,Buried/resprouting,,,,,Swale
May-20,Plover Area,321,,,,4,,,,,,Swale
May-20,Plover Area,322,,,,2,,,,,,Slope
May-20,Plover Area,323,,,,1,,,,,,Ridge
May-20,Plover Area,324,,,,4,,,,,,Ridge
May-20,Plover Area,325,,,,4,,,,,,Swale
May-20,Plover Area,326,,,,4,,,,,,Ridge
May-20,Plover Area,327,,,,1,,,,,,Ridge
May-20,Plover Area,328,,,,1,,,,,,Swale
May-20,Plover Area,401,,,,1,,,,,,Ridge
May-20,Plover Area,402,,,,1,,,,,,Ridge
May-20,Plover Area,403,,,,1,,,,,,Slope
May-20,Plover Area,404,,,,1,,,,,,Ridge
May-20,Plover Area,405,,,,4,buried,,,,,Swale
May-20,Plover Area,406,,,,1,,,,,,Ridge
May-20,Plover Area,407,,,,1,,,,,,Ridge
May-20,Plover Area,408,,,,1,,,,,,Slope
May-20,Plover Area,409,,,,1,,,,,,Slope
May-20,Plover Area,410,,,,3,Buried,,,,,Swale
May-20,Plover Area,411,,,,3,,,,,,Swale
May-20,Plover Area,412,,,,1,,,,,,Slope
May-20,Plover Area,413,,,,2,Resprouting ,,,,,Swale
May-20,Plover Area,414,,,,4,Buried ,,,,,Swale
May-20,Plover Area,415,,,,2,Buried,,,,,Swale
May-20,Plover Area,416,,,,1,,,,,,Slope
May-20,Plover Area,417,,,,4,Buried,,,,,Swale
May-20,Plover Area,418,,,,1,,,,,,Slope
May-20,Plover Area,419,,,,2,Resprouted,,,,,Swale
May-20,Plover Area,420,,,,1,,,,,,Slope
May-20,Plover Area,421,,,,2,Buried,,,,,Swale
May-20,Plover Area,422,,,,1,,,,,,Slope
May-20,Plover Area,423,,,,1,Buried,,,,,Swale
May-20,Plover Area,424,,,,2,,,,,,Swale
May-20,Plover Area,501,,,,1,,,,,,Slope
May-20,Plover Area,502,,,,1,,,,,,Ridge
May-20,Plover Area,503,,,,1,,,,,,Slope
May-20,Plover Area,504,,,,1,,,,,,Ridge
May-20,Plover Area,505,,,,1,Sprayed with Neem 4 tbsp/gal 5/27,,,,,Slope
May-20,Plover Area,506,,,,1,,,,,,Slope
May-20,Plover Area,507,,,,1,,,,,,Ridge
May-20,Plover Area,508,,,,1,,,,,,Ridge
May-20,Plover Area,509,,,,1,,,,,,Slope
May-20,Plover Area,510,,,,1,,,,,,Ridge
May-20,Plover Area,511,,,,1,,,,,,Slope
May-20,Plover Area,512,,,,1,,,,,,Slope
May-20,Plover Area,513,,,,1,,,,,,Slope
May-20,Plover Area,514,,,,4,,,,,,Swale
May-20,Plover Area,515,,,,2,,,,,,Slope
May-20,Plover Area,516,,,,1,,,,,,Slope
May-20,Plover Area,517,,,,1,,,,,,Slope
May-20,Plover Area,518,,,,4,,,,,,Swale
May-20,Plover Area,519,,,,1,,,,,,Slope
May-20,Plover Area,520,,,,1,,,,,,Slope
May-20,Plover Area,521,,,,1,,,,,,Slope
May-20,Plover Area,601,,,,1,,,,,,Slope
May-20,Plover Area,602,,,,1,,,,,,Slope
May-20,Plover Area,603,,,,1,,,,,,Slope
May-20,Plover Area,604,,,,4,buried,,,,,Slope
May-20,Plover Area,605,,,,4,Buried,,,,,Slope
May-20,Plover Area,606,,,,1,,,,,,Slope
May-20,Plover Area,607,,,,4,Buried,,,,,Swale
May-20,Plover Area,608,,,,4,Buried,,,,,Slope
May-20,Plover Area,609,,,,1,,,,,,Slope
May-20,Plover Area,610,,,,4,,,,,,Slope
May-20,Plover Area,611,,,,1,,,,,,Slope
May-20,Plover Area,612,,,,1,,,,,,Ridge
May-20,Plover Area,613,,,,2,,,,,,Slope
May-20,Plover Area,614,,,,1,,,,,,Slope
May-20,Plover Area,615,,,,1,,,,,,Ridge
May-20,Plover Area,616,,,,1,,,,,,Slope
May-20,Plover Area,617,,,,1,,,,,,Swale
May-20,Plover Area,618,,,,1,,,,,,Slope
May-20,Plover Area,619,,,,4,,,,,,Swale
May-20,Plover Area,620,,,,1,,,,,,Slope
May-20,Plover Area,621,,,,1,,,,,,Slope
May-20,Plover Area,622,,,,2,,,,,,Slope
May-20,Plover Area,623,,,,1,,,,,,Slope
May-20,Plover Area,624,,,,4,,,,,,Swale
May-20,Plover Area,625,,,,1,,,,,,Slope
May-20,Plover Area,626,,,,1,,,,,,Slope
May-20,Plover Area,701,,,,1,,,,,,Ridge
May-20,Plover Area,702,,,,1,,,,,,Slope
May-20,Plover Area,703,,,,1,,,,,,Slope
May-20,Plover Area,704,,,,1,,,,,,Slope
May-20,Plover Area,705,,,,1,,,,,,Slope
May-20,Plover Area,706,,,,1,,,,,,Slope
May-20,Plover Area,707,,,,1,,,,,,Slope
May-20,Plover Area,708,,,,1,,,,,,Slope
May-20,Plover Area,709,,,,4,,,,,,Slope
May-20,Plover Area,710,,,,1,,,,,,Ridge
May-20,Plover Area,711,,,,1,,,,,,Slope
May-20,Plover Area,712,,,,1,,,,,,Slope
May-20,Plover Area,713,,,,4,,,,,,Swale
May-20,Plover Area,714,,,,1,,,,,,Slope
May-20,Plover Area,715,,,,1,,,,,,Slope
May-20,Plover Area,716,,,,1,,,,,,Slope
May-20,Plover Area,717,,,,4,,,,,,Swale
May-20,Plover Area,718,,,,4,,,,,,Swale
May-20,Plover Area,719,,,,1,,,,,,Slope
May-20,Plover Area,720,,,,1,,,,,,Slope
May-20,Plover Area,721,,,,4,,,,,,Slope
May-20,Plover Area,722,,,,1,,,,,,Slope
May-20,Plover Area,723,,,,1,,,,,,Slope
May-20,Plover Area,724,,,,4,,,,,,Swale
May-20,Plover Area,725,,,,4,,,,,,Swale
May-20,Plover Area,726,,,,1,,,,,,Slope
May-20,Plover Area,727,,,,4,,,,,,Slope
May-20,Plover Area,728,,,,4,,,,,,Slope
May-20,Plover Area,801,,,,2,,,,,,Swale
May-20,Plover Area,802,,,,1,,,,,,Slope
May-20,Plover Area,803,,,,1,,,,,,Slope
May-20,Plover Area,804,,,,1,,,,,,Slope
May-20,Plover Area,805,,,,1,,,,,,Slope
May-20,Plover Area,806,,,,1,,,,,,Slope
May-20,Plover Area,807,,,,1,,,,,,Ridge
May-20,Plover Area,808,,,,1,,,,,,Slope
May-20,Plover Area,809,,,,1,,,,,,Ridge
May-20,Plover Area,810,,,,1,,,,,,Ridge
May-20,Plover Area,811,,,,1,,,,,,Slope
May-20,Plover Area,812,,,,1,,,,,,Ridge
May-20,Plover Area,813,,,,1,,,,,,Slope
May-20,Plover Area,814,,,,1,,,,,,Slope
May-20,Plover Area,815,,,,1,,,,,,Slope
May-20,Plover Area,816,,,,1,,,,,,Ridge
May-20,Plover Area,817,,,,1,,,,,,Slope
May-20,Plover Area,818,,,,1,,,,,,Slope
May-20,Plover Area,819,,,,1,,,,,,Slope
May-20,Plover Area,820,,,,1,,,,,,Slope
May-20,Plover Area,821,,,,2,,,,,,Swale
May-20,Plover Area,822,,,,4,,,,,,Swale
May-20,Plover Area,901,,,,1,,,,,,Slope
May-20,Plover Area,902,,,,1,,,,,,Slope
May-20,Plover Area,903,,,,1,,,,,,Slope
May-20,Plover Area,904,,,,1,,,,,,Swale
May-20,Plover Area,905,,,,4,,,,,,Slope
May-20,Plover Area,906,,,,1,,,,,,Swale
May-20,Plover Area,907,,,,4,,,,,,Swale
May-20,Plover Area,908,,,,1,,,,,,Swale
May-20,Plover Area,909,,,,1,,,,,,Slope
May-20,Plover Area,910,,,,1,,,,,,Slope
May-20,Plover Area,911,,,,1,,,,,,Slope
May-20,Plover Area,912,,,,2,,,,,,Swale
May-20,Plover Area,913,,,,1,,,,,,Slope
May-20,Plover Area,914,,,,1,,,,,,Slope
May-20,Plover Area,1001,,,,1,,,,,,Slope
May-20,Plover Area,1002,,,,1,,,,,,Slope
May-20,Plover Area,1003,,,,1,,,,,,Slope
May-20,Plover Area,1004,,,,1,,,,,,Slope
May-20,Plover Area,1005,,,,1,,,,,,Ridge
May-20,Plover Area,1006,,,,1,,,,,,Slope
May-20,Plover Area,1007,,,,1,,,,,,Ridge
May-20,Plover Area,1008,,,,2,,,,,,Slope
May-20,Plover Area,1009,,,,1,,,,,,Ridge
May-20,Plover Area,1010,,,,1,,,,,,Slope
May-20,Plover Area,1011,,,,1,,,,,,Ridge
May-20,Plover Area,1012,,,,1,,,,,,Slope
May-20,Plover Area,1013,,,,1,,,,,,Ridge
May-20,Plover Area,1014,,,,1,,,,,,Ridge
May-20,Plover Area,1015,,,,1,,,,,,Ridge
May-20,Plover Area,1016,,,,2,,,,,,Slope
May-20,Plover Area,1017,,,,2,,,,,,Ridge
May-20,Plover Area,1018,,,,1,,,,,,Ridge
May-20,Plover Area,1019,,,,2,,,,,,Ridge
May-20,Plover Area,1020,,,,2,,,,,,Ridge
May-20,EEM Willows,1101,,,,1,,,,,,Slope
May-20,EEM Willows,1102,,,,1,,,,,,Slope
May-20,EEM Willows,1103,,,,1,,,,,,Ridge
May-20,EEM Willows,1104,,,,1,,,,,,Slope
May-20,EEM Willows,1105,,,,3,"Heavy predation, all leaves but one gone, stem yellow ",,,,,Slope
May-20,EEM Willows,1106,,,,1,,,,,,Ridge
6/26/20,Plover Area,101,,,,3,Possible pathogen ,,,,,Ridge
6/26/20,Plover Area,102,,,,1,flowering,,,,,Ridge
6/26/20,Plover Area,103,,,,1,flowering,,,,,Slope
6/26/20,Plover Area,104,,,,2,,,,,,Slope
6/26/20,Plover Area,105,,,,4,,,,,,Swale
6/26/20,Plover Area,106,,,,1,,,,,,Swale
6/26/20,Plover Area,107,,,,1,flowering,,,,,Swale
6/26/20,Plover Area,108,,,,3,,,,,,Slope
6/26/20,Plover Area,109,,,,1,,,,,,Slope
6/26/20,Plover Area,110,,,,4,,,,,,Swale
6/26/20,Plover Area,111,,,,1,flowering,,,,,Slope
6/26/20,Plover Area,112,,,,1,flowering,,,,,Slope
6/26/20,Plover Area,113,,,,1,flowering,,,,,Slope
6/26/20,Plover Area,114,,,,2,,,,,,Swale
6/26/20,Plover Area,201,,,,1,flowering,,,,,Slope
6/26/20,Plover Area,202,,,,3,possible pathogen,,,,,Slope
6/26/20,Plover Area,203,,,,2,pathogen,,,,,Slope
6/26/20,Plover Area,204,,,,1,flowering,,,,,Slope
6/26/20,Plover Area,205,,,,1,flowering,,,,,Swale
6/26/20,Plover Area,206,,,,1,flowering,,,,,Slope
6/26/20,Plover Area,207,,,,1,flowering,,,,,Slope
6/26/20,Plover Area,208,,,,2,,,,,,Slope
6/26/20,Plover Area,209,,,,1,,,,,,Slope
6/26/20,Plover Area,210,,,,4,,,,,,Swale
6/26/20,Plover Area,211,,,,2,,,,,,Slope
6/26/20,Plover Area,212,,,,1,flowering,,,,,Slope
6/26/20,Plover Area,213,,,,2,,,,,,Ridge
6/26/20,Plover Area,214,,,,4,,,,,,Slope
6/26/20,Plover Area,215,,,,1,flowering,,,,,Slope
6/26/20,Plover Area,216,,,,1,flowering,,,,,Slope
6/26/20,Plover Area,217,,,,1,flowering,,,,,Ridge
6/26/20,Plover Area,218,,,,1,flowering,,,,,Ridge
6/26/20,Plover Area,219,,,,2,,,,,,Ridge
6/26/20,Plover Area,220,,,,2,flowering,,,,,Ridge
6/26/20,Plover Area,221,,,,2,pathogen,,,,,Slope
6/26/20,Plover Area,222,,,,1,flowering,,,,,Ridge
6/26/20,Plover Area,223,,,,1,flowering,,,,,Ridge
6/26/20,Plover Area,224,,,,1,flowering,,,,,Ridge
6/26/20,Plover Area,225,,,,1,flowering,,,,,Ridge
6/26/20,Plover Area,226,,,,2,,,,,,Ridge
6/26/20,Plover Area,301,,,,1,flowering,,,,,Slope
6/26/20,Plover Area,302,,,,1,flowering,,,,,Slope
6/26/20,Plover Area,303,,,,1,flowering,,,,,Ridge
6/26/20,Plover Area,304,,,,1,flowering,,,,,Ridge
6/26/20,Plover Area,305,,,,1,flowering,,,,,Swale
6/26/20,Plover Area,306,,,,1,flowering,,,,,Slope
6/26/20,Plover Area,307,,,,1,flowering,,,,,Swale
6/26/20,Plover Area,308,,,,1,flowering,,,,,Ridge
6/26/20,Plover Area,309,,,,1,flowering,,,,,Ridge
6/26/20,Plover Area,310,,,,1,flowering,,,,,Ridge
6/26/20,Plover Area,311,,,,1,flowering,,,,,Slope
6/26/20,Plover Area,312,,,,1,flowering,,,,,Ridge
6/26/20,Plover Area,313,,,,1,flowering,,,,,Slope
6/26/20,Plover Area,314,,,,1,flowering,,,,,Ridge
6/26/20,Plover Area,315,,,,1,flowering,,,,,Slope
6/26/20,Plover Area,316,,,,2,pathogen,,,,,Slope
6/26/20,Plover Area,317,,,,3,pathogen,,,,,Ridge
6/26/20,Plover Area,318,,,,1,flowering,,,,,Ridge
6/26/20,Plover Area,319,,,,1,flowering,,,,,Ridge
6/26/20,Plover Area,320,,,,1,,,,,,Swale
6/26/20,Plover Area,321,,,,4,,,,,,Swale
6/26/20,Plover Area,322,,,,1,flowering,,,,,Slope
6/26/20,Plover Area,323,,,,1,flowering,,,,,Ridge
6/26/20,Plover Area,324,,,,4,,,,,,Ridge
6/26/20,Plover Area,325,,,,4,,,,,,Swale
6/26/20,Plover Area,326,,,,1,seedling/original plant (??),,,,,Ridge
6/26/20,Plover Area,327,,,,1,flowering,,,,,Ridge
6/26/20,Plover Area,328,,,,1,flowering,,,,,Swale
6/26/20,Plover Area,401,,,,1,flowering,,,,,Ridge
6/26/20,Plover Area,402,,,,1,flowering,,,,,Ridge
6/26/20,Plover Area,403,,,,1,flowering,,,,,Slope
6/26/20,Plover Area,404,,,,1,flowering,,,,,Ridge
6/26/20,Plover Area,405,,,,4,,,,,,Swale
6/26/20,Plover Area,406,,,,1,,,,,,Ridge
6/26/20,Plover Area,407,,,,1,flowering,,,,,Ridge
6/26/20,Plover Area,408,,,,1,flowering,,,,,Slope
6/26/20,Plover Area,409,,,,1,flowering,,,,,Slope
6/26/20,Plover Area,410,,,,2,,,,,,Swale
6/26/20,Plover Area,411,,,,3,,,,,,Swale
6/26/20,Plover Area,412,,,,1,flowering,,,,,Slope
6/26/20,Plover Area,413,,,,1,,,,,,Swale
6/26/20,Plover Area,414,,,,4,,,,,,Swale
6/26/20,Plover Area,415,,,,1,,,,,,Swale
6/26/20,Plover Area,416,,,,1,flowering,,,,,Slope
6/26/20,Plover Area,417,,,,4,,,,,,Swale
6/26/20,Plover Area,418,,,,1,flowering,,,,,Slope
6/26/20,Plover Area,419,,,,1,,,,,,Swale
6/26/20,Plover Area,420,,,,1,flowering,,,,,Slope
6/26/20,Plover Area,421,,,,1,,,,,,Swale
6/26/20,Plover Area,422,,,,1,flowering,,,,,Slope
6/26/20,Plover Area,423,,,,1,,,,,,Swale
6/26/20,Plover Area,424,,,,2,,,,,,Swale
6/26/20,Plover Area,501,,,,1,flowering,,,,,Slope
6/26/20,Plover Area,502,,,,1,flowering,,,,,Ridge
6/26/20,Plover Area,503,,,,1,flowering,,,,,Slope
6/26/20,Plover Area,504,,,,1,flowering,,,,,Ridge
6/26/20,Plover Area,505,,,,1,flowering,,,,,Slope
6/26/20,Plover Area,506,,,,1,flowering,,,,,Slope
6/26/20,Plover Area,507,,,,1,flowering,,,,,Ridge
6/26/20,Plover Area,508,,,,1,flowering,,,,,Ridge
6/26/20,Plover Area,509,,,,1,flowering,,,,,Slope
6/26/20,Plover Area,510,,,,1,flowering,,,,,Ridge
6/26/20,Plover Area,511,,,,1,flowering,,,,,Slope
6/26/20,Plover Area,512,,,,1,flowering,,,,,Slope
6/26/20,Plover Area,513,,,,1,flowering,,,,,Slope
6/26/20,Plover Area,514,,,,4,,,,,,Swale
6/26/20,Plover Area,515,,,,3,pathogen,,,,,Slope
6/26/20,Plover Area,516,,,,1,flowering,,,,,Slope
6/26/20,Plover Area,517,,,,1,flowering,,,,,Slope
6/26/20,Plover Area,518,,,,4,,,,,,Swale
6/26/20,Plover Area,519,,,,1,flowering,,,,,Slope
6/26/20,Plover Area,520,,,,1,flowering,,,,,Slope
6/26/20,Plover Area,521,,,,1,flowering,,,,,Slope
6/26/20,Plover Area,601,,,,1,flowering,,,,,Slope
6/26/20,Plover Area,602,,,,1,flowering,,,,,Slope
6/26/20,Plover Area,603,,,,1,flowering,,,,,Slope
6/26/20,Plover Area,604,,,,4,,,,,,Slope
6/26/20,Plover Area,605,,,,4,,,,,,Slope
6/26/20,Plover Area,606,,,,1,flowering,,,,,Slope
6/26/20,Plover Area,607,,,,4,,,,,,Swale
6/26/20,Plover Area,608,,,,4,,,,,,Slope
6/26/20,Plover Area,609,,,,1,flowering,,,,,Slope
6/26/20,Plover Area,610,,,,4,,,,,,Slope
6/26/20,Plover Area,611,,,,1,flowering,,,,,Slope
6/26/20,Plover Area,612,,,,1,flowering,,,,,Ridge
6/26/20,Plover Area,613,,,,2,,,,,,Slope
6/26/20,Plover Area,614,,,,1,flowering,,,,,Slope
6/26/20,Plover Area,615,,,,1,flowering,,,,,Ridge
6/26/20,Plover Area,616,,,,1,flowering,,,,,Slope
6/26/20,Plover Area,617,,,,1,flowering,,,,,Swale
6/26/20,Plover Area,618,,,,1,flowering,,,,,Slope
6/26/20,Plover Area,619,,,,4,,,,,,Swale
6/26/20,Plover Area,620,,,,1,flowering,,,,,Slope
6/26/20,Plover Area,621,,,,2,flowering,,,,,Slope
6/26/20,Plover Area,622,,,,1,flowering,,,,,Slope
6/26/20,Plover Area,623,,,,2,flowering,,,,,Slope
6/26/20,Plover Area,624,,,,4,,,,,,Swale
6/26/20,Plover Area,625,,,,1,flowering,,,,,Slope
6/26/20,Plover Area,626,,,,1,flowering,,,,,Slope
6/26/20,Plover Area,701,,,,1,flowering,,,,,Ridge
6/26/20,Plover Area,702,,,,1,flowering,,,,,Slope
6/26/20,Plover Area,703,,,,1,flowering,,,,,Slope
6/26/20,Plover Area,704,,,,1,flowering,,,,,Slope
6/26/20,Plover Area,705,,,,1,flowering,,,,,Slope
6/26/20,Plover Area,706,,,,1,flowering,,,,,Slope
6/26/20,Plover Area,707,,,,1,flowering,,,,,Slope
6/26/20,Plover Area,708,,,,1,flowering,,,,,Slope
6/26/20,Plover Area,709,,,,4,,,,,,Slope
6/26/20,Plover Area,710,,,,1,flowering,,,,,Ridge
6/26/20,Plover Area,711,,,,1,flowering,,,,,Slope
6/26/20,Plover Area,712,,,,1,flowering,,,,,Slope
6/26/20,Plover Area,713,,,,4,,,,,,Swale
6/26/20,Plover Area,714,,,,1,flowering,,,,,Slope
6/26/20,Plover Area,715,,,,1,flowering,,,,,Slope
6/26/20,Plover Area,716,,,,1,flowering,,,,,Slope
6/26/20,Plover Area,717,,,,4,,,,,,Swale
6/26/20,Plover Area,718,,,,4,,,,,,Swale
6/26/20,Plover Area,719,,,,1,flowering,,,,,Slope
6/26/20,Plover Area,720,,,,1,flowering,,,,,Slope
6/26/20,Plover Area,721,,,,4,,,,,,Slope
6/26/20,Plover Area,722,,,,1,flowering,,,,,Slope
6/26/20,Plover Area,723,,,,1,flowering,,,,,Slope
6/26/20,Plover Area,724,,,,4,,,,,,Swale
6/26/20,Plover Area,725,,,,4,,,,,,Swale
6/26/20,Plover Area,726,,,,1,flowering,,,,,Slope
6/26/20,Plover Area,727,,,,4,,,,,,Slope
6/26/20,Plover Area,728,,,,4,,,,,,Slope
6/26/20,Plover Area,801,,,,1,flowering,,,,,Swale
6/26/20,Plover Area,802,,,,1,flowering,,,,,Slope
6/26/20,Plover Area,803,,,,1,flowering,,,,,Slope
6/26/20,Plover Area,804,,,,1,flowering,,,,,Slope
6/26/20,Plover Area,805,,,,1,flowering,,,,,Slope
6/26/20,Plover Area,806,,,,1,flowering,,,,,Slope
6/26/20,Plover Area,807,,,,1,flowering,,,,,Ridge
6/26/20,Plover Area,808,,,,1,flowering,,,,,Slope
6/26/20,Plover Area,809,,,,1,flowering,,,,,Ridge
6/26/20,Plover Area,810,,,,1,flowering,,,,,Ridge
6/26/20,Plover Area,811,,,,1,flowering,,,,,Slope
6/26/20,Plover Area,812,,,,1,flowering,,,,,Ridge
6/26/20,Plover Area,813,,,,1,flowering,,,,,Slope
6/26/20,Plover Area,814,,,,1,flowering,,,,,Slope
6/26/20,Plover Area,815,,,,1,flowering,,,,,Slope
6/26/20,Plover Area,816,,,,1,flowering,,,,,Ridge
6/26/20,Plover Area,817,,,,1,flowering,,,,,Slope
6/26/20,Plover Area,818,,,,1,flowering,,,,,Slope
6/26/20,Plover Area,819,,,,1,flowering,,,,,Slope
6/26/20,Plover Area,820,,,,1,,,,,,Slope
6/26/20,Plover Area,821,,,,2,,,,,,Swale
6/26/20,Plover Area,822,,,,4,,,,,,Swale
6/26/20,Plover Area,901,,,,1,flowering,,,,,Slope
6/26/20,Plover Area,902,,,,1,flowering,,,,,Slope
6/26/20,Plover Area,903,,,,1,flowering,,,,,Slope
6/26/20,Plover Area,904,,,,4,,,,,,Swale
6/26/20,Plover Area,905,,,,1,flowering,,,,,Slope
6/26/20,Plover Area,906,,,,4,,,,,,Swale
6/26/20,Plover Area,907,,,,4,,,,,,Swale
6/26/20,Plover Area,908,,,,3,,,,,,Swale
6/26/20,Plover Area,909,,,,1,flowering,,,,,Slope
6/26/20,Plover Area,910,,,,1,flowering,,,,,Slope
6/26/20,Plover Area,911,,,,1,flowering,,,,,Slope
6/26/20,Plover Area,912,,,,2,,,,,,Swale
6/26/20,Plover Area,913,,,,1,flowering,,,,,Slope
6/26/20,Plover Area,914,,,,1,flowering,,,,,Slope
6/26/20,Plover Area,1001,,,,1,flowering,,,,,Slope
6/26/20,Plover Area,1002,,,,1,flowering,,,,,Slope
6/26/20,Plover Area,1003,,,,1,flowering,,,,,Slope
6/26/20,Plover Area,1004,,,,1,flowering,,,,,Slope
6/26/20,Plover Area,1005,,,,1,flowering,,,,,Ridge
6/26/20,Plover Area,1006,,,,1,flowering,,,,,Slope
6/26/20,Plover Area,1007,,,,1,flowering,,,,,Ridge
6/26/20,Plover Area,1008,,,,1,,,,,,Slope
6/26/20,Plover Area,1009,,,,1,flowering,,,,,Ridge
6/26/20,Plover Area,1010,,,,1,flowering,,,,,Slope
6/26/20,Plover Area,1011,,,,1,flowering,,,,,Ridge
6/26/20,Plover Area,1012,,,,1,flowering,,,,,Slope
6/26/20,Plover Area,1013,,,,1,flowering,,,,,Ridge
6/26/20,Plover Area,1014,,,,1,flowering,,,,,Ridge
6/26/20,Plover Area,1015,,,,1,flowering,,,,,Ridge
6/26/20,Plover Area,1016,,,,1,,,,,,Slope
6/26/20,Plover Area,1017,,,,2,,,,,,Ridge
6/26/20,Plover Area,1018,,,,2,,,,,,Ridge
6/26/20,Plover Area,1019,,,,2,,,,,,Ridge
6/26/20,Plover Area,1020,,,,1,flowering,,,,,Ridge
6/26/20,EEM Willows,1101,,,,1,flowering,,,,,Slope
6/26/20,EEM Willows,1102,,,,2,,,,,,Slope
6/26/20,EEM Willows,1103,,,,2,flowering,,,,,Ridge
6/26/20,EEM Willows,1104,,,,1,flowering,,,,,Slope
6/26/20,EEM Willows,1105,,,,3,,,,,,Slope
6/26/20,EEM Willows,1106,,,,1,flowering,,,,,Ridge
6/26/20,Plover Area,A,,,,1,,,,,,
6/26/20,Plover Area,B,,,,1,,,,,,
6/26/20,Plover Area,C,,,,1,flowering,,,,,
6/26/20,Plover Area,D,,,,1,flowering,,,,,
6/26/20,Plover Area,E,,,,2,flowering,,,,,
6/26/20,Plover Area,F,,,,1,,,,,,
6/26/20,Plover Area,G,,,,1,flowering,,,,,
6/26/20,Plover Area,H,,,,1,flowering,,,,,
8/27/20,Plover Area,101,,,,4,dead,X,X,X,X,Ridge
8/27/20,Plover Area,102,,,,1,,600,<10k,97,194,Ridge
8/27/20,Plover Area,103,,,,1,,704,<10k,83,166,Slope
8/27/20,Plover Area,104,,,,1,seedlings,209,5k - 10k,52,104,Slope
8/27/20,Plover Area,105,,,,4,dead,x,x,x,x,Swale
8/27/20,Plover Area,106,,,,1,seedlings,112,1k - 5k,61,122,Swale
8/27/20,Plover Area,107,,,,1,,260,5k - 10k,82,164,Swale
8/27/20,Plover Area,108,,,,4,dead,X,X,X,X,Slope
8/27/20,Plover Area,109,,,,1,,572,<10k,72,144,Slope
8/27/20,Plover Area,110,,,,4,dead,X,X,X,X,Swale
8/27/20,Plover Area,111,,,,1,,527,<10k,71,142,Slope
8/27/20,Plover Area,112,,,,1,,527,<10k,74,148,Slope
8/27/20,Plover Area,113,,,,1,,160,1k - 5k,79,158,Slope
8/27/20,Plover Area,114,,,,1,,153,1k - 5k,61,122,Swale
8/27/20,Plover Area,201,,,,1,,450,<10k,86,172,Slope
8/27/20,Plover Area,202,,,,3,pathogen/mildew,0,0,14,28,Slope
8/27/20,Plover Area,203,,,,3,pathogen/mildew,0,0,58,116,Slope
8/27/20,Plover Area,204,,,,1,,510,<10k,75,150,Slope
8/27/20,Plover Area,205,,,,4,dead,X,X,X,X,Swale
8/27/20,Plover Area,206,,,,1,,960,<10k,98,196,Slope
8/27/20,Plover Area,207,,,,1,,510,<10k,81,162,Slope
8/27/20,Plover Area,208,,,,3,pathogen/mildew,0,0,31,62,Slope
8/27/20,Plover Area,209,,,,1,,330,5k - 10k,85,170,Slope
8/27/20,Plover Area,210,,,,4,dead,X,X,X,X,Swale
8/27/20,Plover Area,211,,,,1,,144,1k - 5k,72,144,Slope
8/27/20,Plover Area,212,,,,1,,510,<10k,81,162,Slope
8/27/20,Plover Area,213,,,,1,,195,1k - 5k ,74,148,Ridge
8/27/20,Plover Area,214,,,,4,dead,X,X,X,X,Slope
8/27/20,Plover Area,215,,,,1,,510,<10k,75,150,Slope
8/27/20,Plover Area,216,,,,1,,1040,<10k,98,196,Slope
8/27/20,Plover Area,217,,,,1,,~1040,~ <10K,94,188,Ridge
8/27/20,Plover Area,218,,,,1,,775,<10k,92,184,Ridge
8/27/20,Plover Area,219,,,,4,dead,X,X,X,X,Ridge
8/27/20,Plover Area,220,,,,1,,252,5k - 10k,59,118,Ridge
8/27/20,Plover Area,221,,,,3,,0,0,43,86,Slope
8/27/20,Plover Area,222,,,,1,,510,<10k,110,220,Ridge
8/27/20,Plover Area,223,,,,1,,450,5k-10k,92,184,Ridge
8/27/20,Plover Area,224,,,,3,pathogen/mildew,200,1k - 5k,61,122,Ridge
8/27/20,Plover Area,225,,,,1,,500,10k,74,148,Ridge
8/27/20,Plover Area,226,,,,1,,95,1k - 5k,60,120,Ridge
8/27/20,Plover Area,301,,,,1,,600,<10k,91,182,Slope
8/27/20,Plover Area,302,,,,1,,1000,<10k,97,194,Slope
8/27/20,Plover Area,303,,,,1,,1000,<10k,97,194,Ridge
8/27/20,Plover Area,304,,,,1,,440,5k - 10k,77,154,Ridge
8/27/20,Plover Area,305,,,,1,,440,5k - 10k,81,162,Swale
8/27/20,Plover Area,306,,,,1,,420,5k - 10k,120,240,Slope
8/27/20,Plover Area,307,,,,1,,1000,<10k,115,230,Swale
8/27/20,Plover Area,308,,,,1,,1000,<10k,115,230,Ridge
8/27/20,Plover Area,309,,,,1,,750,<10k,97,194,Ridge
8/27/20,Plover Area,310,,,,1,,750,<10k,97,194,Ridge
8/27/20,Plover Area,311,,,,1,,1000,<10k,98,196,Slope
8/27/20,Plover Area,312,,,,1,,315,5k - 10k,77,154,Ridge
8/27/20,Plover Area,313,,,,1,,1000,<10k,126,252,Slope
8/27/20,Plover Area,314,,,,1,,500,<10k,74,146,Ridge
8/27/20,Plover Area,315,,,,1,,880,<10k,87,174,Slope
8/27/20,Plover Area,316,,,,3,pathogen/mildew,0,0,14,28,Slope
8/27/20,Plover Area,317,,,,40,dead,X,X,X,X,Ridge
8/27/20,Plover Area,318,,,,1,,840,<10k,97,194,Ridge
8/27/20,Plover Area,319,,,,1,,570,<10k,71,142,Ridge
8/27/20,Plover Area,320,,,,1,,80,1k - 5k,55,110,Swale
8/27/20,Plover Area,321,,,,4,,X,X,X,X,Swale
8/27/20,Plover Area,322,,,,1,,120,1k - 5k,68,136,Slope
8/27/20,Plover Area,323,,,,1,,600,<10k,86,172,Ridge
8/27/20,Plover Area,324,,,,4,dead,X,X,X,X,Ridge
8/27/20,Plover Area,325,,,,4,dead,X,X,X,X,Swale
8/27/20,Plover Area,326,,,,1,,56,1k - 5k,61,122,Ridge
8/27/20,Plover Area,327,,,,1,,600,<10k,86,172,Ridge
8/27/20,Plover Area,328,,,,1,,480,5k - 10k,71,142,Swale
8/27/20,Plover Area,401,,,,1,,735,<10k,76,152,Ridge
8/27/20,Plover Area,402,,,,1,,730,<10k,94,188,Ridge
8/27/20,Plover Area,403,,,,1,,600,<10k,112,224,Slope
8/27/20,Plover Area,404,,,,1,,660,<10k,79,158,Ridge
8/27/20,Plover Area,405,,,,4,dead,X,X,X,X,Swale
8/27/20,Plover Area,406,,,,1,,322,5k - 10k,64,128,Ridge
8/27/20,Plover Area,407,,,,1,,730,<10k,95,170,Ridge
8/27/20,Plover Area,408,,,,1,,730,<10k,113,226,Slope
8/27/20,Plover Area,409,,,,1,,1000,<10k,90,180,Slope
8/27/20,Plover Area,410,,,,1,,88,1k - 5k,74,148,Swale
8/27/20,Plover Area,411,,,,3,pathogen,0,0,5,10,Swale
8/27/20,Plover Area,412,,,,1,,240,1k - 5k,90,140,Slope
8/27/20,Plover Area,413,,,,1,,180,1k - 5k ,95,190,Swale
8/27/20,Plover Area,414,,,,4,dead,X,X,X,X,Swale
8/27/20,Plover Area,415,,,,1,,115,1k - 5k,73,146,Swale
8/27/20,Plover Area,416,,,,1,,700,<10k,132,264,Slope
8/27/20,Plover Area,417,,,,4,dead,X,X,X,X,Swale
8/27/20,Plover Area,418,,,,1,,720,<10k,~120,~240,Slope
8/27/20,Plover Area,419,,,,1,,80,1k - 5k,82,164,Swale
8/27/20,Plover Area,420,,,,1,,560,<10k,98,196,Slope
8/27/20,Plover Area,421,,,,1,,120,1k - 5k,66,132,Swale
8/27/20,Plover Area,422,,,,1,,700,<10k,97,194,Slope
8/27/20,Plover Area,423,,,,1,,150,1k - 5k,73,146,Swale
8/27/20,Plover Area,424,,,,1,,56,1k - 5k,68,136,Swale
8/27/20,Plover Area,501,,,,1,,600,<10k,94,188,Slope
8/27/20,Plover Area,502,,,,1,,680,<10k,91,182,Ridge
8/27/20,Plover Area,503,,,,1,,600,<10k,91,182,Slope
8/27/20,Plover Area,504,,,,1,,600,<10k,91,182,Ridge
8/27/20,Plover Area,505,,,,1,,600,<10k,91,182,Slope
8/27/20,Plover Area,506,,,,1,,600,<10k,91,182,Slope
8/27/20,Plover Area,507,,,,1,,600,<10k,91,182,Ridge
8/27/20,Plover Area,508,,,,1,,600,<10k,91,182,Ridge
8/27/20,Plover Area,509,,,,1,,600,<10k,91,182,Slope
8/27/20,Plover Area,510,,,,1,,600,<10k,91,182,Ridge
8/27/20,Plover Area,511,,,,1,,600,<10k,91,182,Slope
8/27/20,Plover Area,512,,,,1,,480,5k-10k,86,172,Slope
8/27/20,Plover Area,513,,,,1,,500,<10k,98,196,Slope
8/27/20,Plover Area,514,,,,4,dead,X,X,X,X,Swale
8/27/20,Plover Area,515,,,,4,dead,X,X,X,X,Slope
8/27/20,Plover Area,516,,,,1,,840,<10k,110,220,Slope
8/27/20,Plover Area,517,,,,1,,840,<10k,110,220,Slope
8/27/20,Plover Area,518,,,,4,dead,X,X,X,X,Swale
8/27/20,Plover Area,519,,,,1,,960,<10k,112,224,Slope
8/27/20,Plover Area,520,,,,1,,900,<10k,112,224,Slope
8/27/20,Plover Area,521,,,,1,,330,5k - 10k,78,156,Slope
8/27/20,Plover Area,601,,,,1,,540,<10k,77,154,Slope
8/27/20,Plover Area,602,,,,1,,550,<10k,89,178,Slope
8/27/20,Plover Area,603,,,,1,,650,<10k,105,210,Slope
8/27/20,Plover Area,604,,,,4,dead,X,X,X,X,Slope
8/27/20,Plover Area,605,,,,4,dead,X,X,X,X,Slope
8/27/20,Plover Area,606,,,,1,,750,<10k,110,220,Slope
8/27/20,Plover Area,607,,,,4,dead,X,X,X,X,Swale
8/27/20,Plover Area,608,,,,4,dead,X,X,X,X,Slope
8/27/20,Plover Area,609,,,,1,,700,<10k,98,196,Slope
8/27/20,Plover Area,610,,,,4,dead,X,X,X,X,Slope
8/27/20,Plover Area,611,,,,1,,650,<10k,91,182,Slope
8/27/20,Plover Area,612,,,,1,,630,<10k,98,196,Ridge
8/27/20,Plover Area,613,,,,2,,50,1k - 5k,76,152,Slope
8/27/20,Plover Area,614,,,,1,,640,<10k,91,182,Slope
8/27/20,Plover Area,615,,,,1,,700,<10k,105,210,Ridge
8/27/20,Plover Area,616,,,,1,,660,<10k,105,210,Slope
8/27/20,Plover Area,617,,,,1,,180,1k - 5k,61,122,Swale
8/27/20,Plover Area,618,,,,1,,800,<10k,104,208,Slope
8/27/20,Plover Area,619,,,,4,dead,X,X,X,X,Swale
8/27/20,Plover Area,620,,,,1,,800,<10k,110,220,Slope
8/27/20,Plover Area,621,,,,1,,315,5k - 10k,76,152,Slope
8/27/20,Plover Area,622,,,,1,,360,5k - 10k,75,150,Slope
8/27/20,Plover Area,623,,,,2,,260,5k - 10k,71,142,Slope
8/27/20,Plover Area,624,,,,4,dead,X,X,X,X,Swale
8/27/20,Plover Area,625,,,,1,,500,<10k,78,156,Slope
8/27/20,Plover Area,626,,,,1,,360,5k - 10k,81,162,Slope
8/27/20,Plover Area,701,,,,1,,400,5k - 10k,104,208,Ridge
8/27/20,Plover Area,702,,,,1,,720,<10k,110,220,Slope
8/27/20,Plover Area,703,,,,1,,720,<10k,98,196,Slope
8/27/20,Plover Area,704,,,,1,,700,<10k,120,240,Slope
8/27/20,Plover Area,705,,,,1,,700,<10k,115,230,Slope
8/27/20,Plover Area,706,,,,1,,700,<10k,110,220,Slope
8/27/20,Plover Area,707,,,,1,,900,<10k,100,200,Slope
8/27/20,Plover Area,708,,,,1,,850,<10k,99,198,Slope
8/27/20,Plover Area,709,,,,4,dead,X,X,X,X,Slope
8/27/20,Plover Area,710,,,,1,,492,5k - 10k,96,192,Ridge
8/27/20,Plover Area,711,,,,1,,400,5k - 10k,87,174,Slope
8/27/20,Plover Area,712,,,,1,,680,<10k,105,210,Slope
8/27/20,Plover Area,713,,,,4,dead,X,X,X,X,Swale
8/27/20,Plover Area,714,,,,1,,600,<10k,101,202,Slope
8/27/20,Plover Area,715,,,,1,,620,<10k,~100,~200,Slope
8/27/20,Plover Area,716,,,,1,,900,<10k,99,198,Slope
8/27/20,Plover Area,717,,,,4,dead,X,X,X,X,Swale
8/27/20,Plover Area,718,,,,4,dead,X,X,X,X,Swale
8/27/20,Plover Area,719,,,,1,,690,<10k,101,202,Slope
8/27/20,Plover Area,720,,,,1,,450,5k - 10k,103,206,Slope
8/27/20,Plover Area,721,,,,4,dead,X,X,X,X,Slope
8/27/20,Plover Area,722,,,,1,,400,5k - 10k,74,148,Slope
8/27/20,Plover Area,723,,,,1,,450,5k - 10k,91,182,Slope
8/27/20,Plover Area,724,,,,4,dead,X,X,X,X,Swale
8/27/20,Plover Area,725,,,,4,dead,X,X,X,X,Swale
8/27/20,Plover Area,726,,,,1,,500,<10k,69,138,Slope
8/27/20,Plover Area,727,,,,4,dead,X,X,X,X,Slope
8/27/20,Plover Area,728,,,,4,dead,X,X,X,X,Slope
8/27/20,Plover Area,801,,,,1,,68,1k - 5k,41,82,Swale
8/27/20,Plover Area,802,,,,1,,930,<10k,105,210,Slope
8/27/20,Plover Area,803,,,,1,,900,<10k,101,202,Slope
8/27/20,Plover Area,804,,,,2,pathogen,600,<10k,74,148,Slope
8/27/20,Plover Area,805,,,,1,,600,<10k,104,208,Slope
8/27/20,Plover Area,806,,,,1,,600,<10k,104,208,Slope
8/27/20,Plover Area,807,,,,1,,600,<10k,104,208,Ridge
8/27/20,Plover Area,808,,,,1,,600,<10k,104,208,Slope
8/27/20,Plover Area,809,,,,1,,600,<10k,104,208,Ridge
8/27/20,Plover Area,810,,,,1,,600,<10k,104,208,Ridge
8/27/20,Plover Area,811,,,,1,,600,<10k,104,208,Slope
8/27/20,Plover Area,812,,,,1,,600,<10k,104,208,Ridge
8/27/20,Plover Area,813,,,,1,,600,<10k,104,208,Slope
8/27/20,Plover Area,814,,,,1,,600,<10k,104,208,Slope
8/27/20,Plover Area,815,,,,1,,600,<10k,104,208,Slope
8/27/20,Plover Area,816,,,,1,,600,<10k,104,208,Ridge
8/27/20,Plover Area,817,,,,1,,600,<10k,104,208,Slope
8/27/20,Plover Area,818,,,,1,,675,<10k,106,212,Slope
8/27/20,Plover Area,819,,,,1,,675,<10k,120,240,Slope
8/27/20,Plover Area,820,,,,1,,330,5k - 10k,110,220,Slope
8/27/20,Plover Area,821,,,,1,,90,1k - 5k,51,102,Swale
8/27/20,Plover Area,822,,,,4,dead,X,X,X,X,Swale
8/27/20,Plover Area,901,,,,1,,420,<10k,81,162,Slope
8/27/20,Plover Area,902,,,,1,,450,<10k,99,198,Slope
8/27/20,Plover Area,903,,,,1,,840,<10k,113,226,Slope
8/27/20,Plover Area,904,,,,4,dead,X,X,X,X,Swale
8/27/20,Plover Area,905,,,,1,,800,<10k,118,236,Slope
8/27/20,Plover Area,906,,,,4,dead,X,X,X,X,Swale
8/27/20,Plover Area,907,,,,4,dead,X,X,X,X,Swale
8/27/20,Plover Area,908,,,,4,dead,X,X,X,X,Swale
8/27/20,Plover Area,909,,,,1,,800,<10k,~100,~200,Slope
8/27/20,Plover Area,910,,,,1,,800,<10k,~100,~200,Slope
8/27/20,Plover Area,911,,,,1,,650,<10k,123,246,Slope
8/27/20,Plover Area,912,,,,1,,126,1k - 5k,63,126,Swale
8/27/20,Plover Area,913,,,,1,,810,<10k,119,238,Slope
8/27/20,Plover Area,914,,,,1,,800,<10k,98,196,Slope
8/27/20,Plover Area,1001,,,,1,,510,<10k,79,158,Slope
8/27/20,Plover Area,1002,,,,1,,660,<10k,99,198,Slope
8/27/20,Plover Area,1003,,,,1,,660,<10k,~100,~200,Slope
8/27/20,Plover Area,1004,,,,1,,600,<10k,117,234,Slope
8/27/20,Plover Area,1005,,,,1,,630,<10k,~100,~200,Ridge
8/27/20,Plover Area,1006,,,,1,,~600,<10k,~100,~200,Slope
8/27/20,Plover Area,1007,,,,1,,~601,<10k,~101,~200,Ridge
8/27/20,Plover Area,1008,,,,1,,~602,<10k,~102,~200,Slope
8/27/20,Plover Area,1009,,,,1,,~603,<10k,~103,~200,Ridge
8/27/20,Plover Area,1010,,,,1,,~604,<10k,~104,~200,Slope
8/27/20,Plover Area,1011,,,,1,,950,<10k,103,206,Ridge
8/27/20,Plover Area,1012,,,,1,,120,1k - 5k,64,128,Slope
8/27/20,Plover Area,1013,,,,1,,580,<10k,85,170,Ridge
8/27/20,Plover Area,1014,,,,1,,300,5k - 10k,77,154,Ridge
8/27/20,Plover Area,1015,,,,1,,180,1k - 5k,65,130,Ridge
8/27/20,Plover Area,1016,,,,1,,240,5k - 10k,77,154,Slope
8/27/20,Plover Area,1017,,,,1,,20,100- 1k,45,90,Ridge
8/27/20,Plover Area,1018,,,,3,pathogen,0,0,38,76,Ridge
8/27/20,Plover Area,1019,,,,1,,105,1k - 5k,61,122,Ridge
8/27/20,Plover Area,1020,,,,1,,150,1k - 5k,66,132,Ridge
8/27/20,EEM Willows,1101,,,,1,,476,<10k,106,212,Slope
8/27/20,EEM Willows,1102,,,,2,predation by snails,36,1k,54,108,Slope
8/27/20,EEM Willows,1103,,,,3,,60,1k - 5k,57,114,Ridge
8/27/20,EEM Willows,1104,,,,1,,260,5k - 10k,93,186,Slope
8/27/20,EEM Willows,1105,,,,4,dead,X,X,X,X,Slope
8/27/20,EEM Willows,1106,,,,1,,170,1k - 5k,114,228,Ridge
8/27/20,Plover Area,A,,,,1,,400,1k - 5k,86,172,
8/27/20,Plover Area,B,,,,1,,340,5k - 10k,110,220,
8/27/20,Plover Area,C,,,,1,,432,5k - 10k,98,196,
8/27/20,Plover Area,D,,,,1,,221,1k - 5k,92,184,
8/27/20,Plover Area,E,,,,1,,32,100 - 1k,46,92,
8/27/20,Plover Area,F,,,,1,,208,5k - 10k,70,140,
8/27/20,Plover Area,G,,,,1,,442,5k - 10k ,98,196,
8/27/20,Plover Area,H,,,,1,,432,<10k,110,220,
,,,,,,,,432,<10k,110,220,